,length,error
0,24.0,1.4782400131225586
1,24.0,2.6153149604797363
2,24.0,0.1400318145751953
3,24.0,7.765982151031494
4,24.0,1.7505321502685547
5,24.0,1.7198987007141113
6,24.0,0.44460058212280273
7,24.0,3.253023624420166
8,24.0,3.6540732383728027
9,24.0,2.6217403411865234
10,24.0,0.5399141311645508
11,24.0,4.439764499664307
12,24.0,0.2537527084350586
13,24.0,0.29023170471191406
14,24.0,4.379660129547119
15,24.0,0.5154895782470703
16,24.0,0.5231385231018066
17,24.0,8.929980278015137
18,24.0,0.33998966217041016
19,24.0,1.0235137939453125
20,24.0,0.05134248733520508
21,24.0,0.04702949523925781
22,24.0,1.334259033203125
23,24.0,0.1063985824584961
24,24.0,4.710777282714844
25,24.0,2.3433775901794434
26,24.0,0.3353004455566406
27,24.0,0.5195951461791992
28,24.0,4.615082740783691
29,24.0,1.9688811302185059
30,24.0,1.5151004791259766
31,24.0,3.966182231903076
32,24.0,1.8685994148254395
33,24.0,10.340230941772461
34,24.0,2.197690963745117
35,24.0,0.8251252174377441
36,24.0,0.473114013671875
37,24.0,5.172128677368164
38,24.0,5.079395771026611
39,24.0,3.3697986602783203
40,24.0,6.622005462646484
41,24.0,2.532383918762207
42,24.0,2.307471752166748
43,24.0,5.589767932891846
44,24.0,2.998424530029297
45,24.0,0.1813497543334961
46,24.0,0.18790626525878906
47,24.0,4.543073654174805
48,24.0,1.7769455909729004
49,24.0,1.0225377082824707
50,24.0,6.801355361938477
51,24.0,1.3603005409240723
52,24.0,6.223222255706787
53,24.0,7.632696151733398
54,24.0,4.106497287750244
55,24.0,3.8359060287475586
56,24.0,6.632249355316162
57,24.0,5.5985283851623535
58,24.0,1.4472789764404297
59,24.0,3.8844947814941406
60,24.0,0.39183855056762695
61,24.0,3.820188522338867
62,24.0,2.3274402618408203
63,24.0,1.868640422821045
64,24.0,0.7812943458557129
65,24.0,0.9458804130554199
66,24.0,0.8654494285583496
67,24.0,6.9936323165893555
68,24.0,1.44456148147583
69,24.0,9.4808931350708
70,24.0,0.4217071533203125
71,24.0,2.1729302406311035
72,24.0,2.816437244415283
73,24.0,4.064039707183838
74,24.0,2.3723630905151367
75,24.0,1.1207365989685059
76,24.0,2.825131893157959
77,24.0,0.8577780723571777
78,24.0,2.051832675933838
79,24.0,0.9310646057128906
80,24.0,2.214202404022217
81,24.0,2.6215147972106934
82,24.0,1.5916948318481445
83,24.0,4.696924686431885
84,24.0,3.9593148231506348
85,24.0,0.4924354553222656
86,24.0,0.7512383460998535
87,24.0,5.90516471862793
88,24.0,11.118274688720703
89,24.0,2.8567872047424316
90,24.0,1.5366311073303223
91,24.0,5.956443786621094
92,24.0,0.6338748931884766
93,24.0,1.545536994934082
94,24.0,5.040088653564453
95,24.0,1.2917022705078125
96,24.0,2.602250814437866
97,24.0,5.214004993438721
98,24.0,0.8148074150085449
99,24.0,4.848587512969971
100,24.0,3.4789113998413086
101,24.0,0.42821407318115234
102,24.0,2.031635284423828
103,24.0,2.973203659057617
104,24.0,2.066056728363037
105,24.0,1.2822990417480469
106,24.0,5.7985734939575195
107,24.0,1.3343958854675293
108,24.0,3.5672574043273926
109,24.0,2.023134231567383
110,24.0,2.5043559074401855
111,24.0,0.16578197479248047
112,24.0,0.6324620246887207
113,24.0,2.127166271209717
114,24.0,3.146819591522217
115,24.0,4.52408504486084
116,24.0,0.6974377632141113
117,24.0,3.3901076316833496
118,24.0,1.471738338470459
119,24.0,2.7171106338500977
120,24.0,1.159785270690918
121,24.0,6.840307235717773
122,24.0,3.7217841148376465
123,24.0,5.344142436981201
124,24.0,1.2580032348632812
125,24.0,3.553162097930908
126,24.0,4.249897480010986
127,24.0,5.722424030303955
128,24.0,3.229464530944824
129,24.0,4.64711332321167
130,24.0,2.7667770385742188
131,24.0,4.160092353820801
132,24.0,1.1048059463500977
133,24.0,3.874546527862549
134,24.0,5.426235675811768
135,24.0,1.1311535835266113
136,24.0,1.1835894584655762
137,24.0,1.982194423675537
138,24.0,4.62227725982666
139,24.0,1.3560771942138672
140,24.0,0.8785238265991211
141,24.0,0.33680105209350586
142,24.0,2.2339224815368652
143,24.0,2.8996400833129883
144,24.0,0.671654224395752
145,24.0,1.0827131271362305
146,24.0,0.859224796295166
147,24.0,3.3825364112854004
148,24.0,3.8289756774902344
149,24.0,0.0024323463439941406
150,24.0,2.6197690963745117
151,24.0,1.6065874099731445
152,24.0,0.7061977386474609
153,24.0,3.296051502227783
154,24.0,3.6701955795288086
155,24.0,2.4679465293884277
156,24.0,0.762087345123291
157,24.0,5.742291450500488
158,24.0,2.190734386444092
159,24.0,5.992393970489502
160,24.0,11.832051277160645
161,24.0,3.5969762802124023
162,24.0,1.7753076553344727
163,24.0,3.4791359901428223
164,24.0,3.0096893310546875
165,24.0,6.125442981719971
166,24.0,4.186089992523193
167,24.0,6.957683086395264
168,24.0,1.7948079109191895
169,24.0,0.9770221710205078
170,24.0,2.168795108795166
171,24.0,2.688854694366455
172,24.0,3.1453757286071777
173,24.0,3.584716796875
174,24.0,2.5200233459472656
175,24.0,4.553067207336426
176,24.0,0.21502971649169922
177,24.0,0.6071896553039551
178,24.0,4.533106327056885
179,24.0,0.4358706474304199
180,24.0,1.8984990119934082
181,24.0,1.9573960304260254
182,24.0,0.35989904403686523
183,24.0,1.491842269897461
184,24.0,5.685678005218506
185,24.0,10.340232849121094
186,24.0,2.472893714904785
187,24.0,2.739229679107666
188,24.0,1.3580245971679688
189,24.0,2.700533390045166
190,24.0,0.8649449348449707
191,24.0,1.465944766998291
192,24.0,2.0363969802856445
193,24.0,7.639541149139404
194,24.0,2.6838178634643555
195,24.0,3.935793876647949
196,24.0,8.594552993774414
197,24.0,2.5802536010742188
198,24.0,3.146048069000244
199,24.0,1.298666000366211
200,24.0,7.495532035827637
201,24.0,3.0714058876037598
202,24.0,4.840603828430176
203,24.0,3.030320644378662
204,24.0,0.047399044036865234
205,24.0,0.9247732162475586
206,24.0,3.219987392425537
207,24.0,2.7729721069335938
208,24.0,4.195852756500244
209,24.0,0.1972806453704834
210,24.0,6.38409423828125
211,24.0,3.8548731803894043
212,24.0,3.0871386528015137
213,24.0,4.80868673324585
214,24.0,0.9898238182067871
215,24.0,0.9301471710205078
216,24.0,2.022071361541748
217,24.0,2.5204248428344727
218,24.0,0.028789997100830078
219,24.0,0.21735620498657227
220,24.0,3.5795645713806152
221,24.0,0.9651350975036621
222,24.0,4.0850934982299805
223,24.0,4.555046558380127
224,24.0,1.4436402320861816
225,24.0,5.56720495223999
226,24.0,1.8620429039001465
227,24.0,1.5642943382263184
228,24.0,2.4611058235168457
229,24.0,1.2212705612182617
230,24.0,1.2002625465393066
231,24.0,3.539248466491699
232,24.0,2.036344051361084
233,24.0,2.104806900024414
234,24.0,4.543237686157227
235,24.0,1.409097671508789
236,24.0,4.16353178024292
237,24.0,1.409843921661377
238,24.0,0.9239802360534668
239,24.0,0.0442662239074707
240,24.0,1.557544231414795
241,24.0,3.5221939086914062
242,24.0,0.9829010963439941
243,24.0,0.8934197425842285
244,24.0,2.744412899017334
245,24.0,2.1917977333068848
246,24.0,5.200377941131592
247,24.0,3.3773465156555176
248,24.0,0.6805329322814941
249,24.0,2.7775039672851562
250,24.0,2.282304286956787
251,24.0,0.27822065353393555
252,24.0,1.9421448707580566
253,24.0,3.317141532897949
254,24.0,2.6463866233825684
255,24.0,2.7309646606445312
256,24.0,1.6533880233764648
257,24.0,2.458310604095459
258,24.0,0.7630419731140137
259,24.0,0.7587332725524902
260,24.0,1.7170376777648926
261,24.0,1.800438404083252
262,24.0,3.4228854179382324
263,24.0,1.7694573402404785
264,24.0,4.424277305603027
265,24.0,1.5139093399047852
266,24.0,2.3011155128479004
267,24.0,3.1804518699645996
268,24.0,7.124993324279785
269,24.0,3.584989070892334
270,24.0,1.9214463233947754
271,24.0,1.567183494567871
272,24.0,2.5891385078430176
273,24.0,1.2492694854736328
274,24.0,1.5330629348754883
275,24.0,1.6830501556396484
276,24.0,6.068148612976074
277,24.0,1.7355170249938965
278,24.0,1.5900840759277344
279,24.0,2.0999646186828613
280,24.0,1.731539249420166
281,24.0,5.19601583480835
282,24.0,3.8041462898254395
283,24.0,2.565157890319824
284,24.0,2.5725388526916504
285,24.0,0.47615480422973633
286,24.0,5.575906276702881
287,24.0,1.295290470123291
288,24.0,2.2973880767822266
289,24.0,2.0909423828125
290,24.0,1.8434433937072754
291,24.0,1.135746955871582
292,24.0,0.4433474540710449
293,24.0,3.4972782135009766
294,24.0,3.5925893783569336
295,24.0,2.406741142272949
296,24.0,6.549612045288086
297,24.0,0.7711105346679688
298,24.0,0.5118379592895508
299,24.0,2.8798842430114746
300,24.0,1.6433401107788086
301,24.0,0.5032758712768555
302,24.0,3.0170183181762695
303,24.0,0.7708187103271484
304,24.0,1.9228649139404297
305,24.0,5.272651672363281
306,24.0,1.2738714218139648
307,24.0,5.157801628112793
308,24.0,8.215312957763672
309,24.0,1.952031135559082
310,24.0,4.937464237213135
311,24.0,0.8229942321777344
312,24.0,1.2750859260559082
313,24.0,0.9748773574829102
314,24.0,5.122188091278076
315,24.0,3.179165840148926
316,24.0,2.778221607208252
317,24.0,0.20915746688842773
318,24.0,0.07989788055419922
319,24.0,1.6948695182800293
320,24.0,5.666302680969238
321,24.0,4.089785099029541
322,24.0,2.2348251342773438
323,24.0,3.8640308380126953
324,24.0,3.8794007301330566
325,24.0,1.5411486625671387
326,24.0,0.45134687423706055
327,24.0,1.2260775566101074
328,24.0,1.2141833305358887
329,24.0,3.6671485900878906
330,24.0,4.679139614105225
331,24.0,1.1538562774658203
332,24.0,2.7782793045043945
333,24.0,3.430368423461914
334,24.0,2.3590664863586426
335,24.0,2.784456253051758
336,24.0,1.0448031425476074
337,24.0,1.3107032775878906
338,24.0,1.049710750579834
339,24.0,3.7554497718811035
340,24.0,1.6988158226013184
341,24.0,2.844801902770996
342,24.0,6.4674859046936035
343,24.0,4.460473537445068
344,24.0,0.2268061637878418
345,24.0,4.317605972290039
346,24.0,2.757615566253662
347,24.0,1.9281959533691406
348,24.0,2.3338680267333984
349,24.0,1.1814703941345215
350,24.0,1.8044958114624023
351,24.0,3.3022637367248535
352,24.0,2.1934404373168945
353,24.0,2.0374865531921387
354,24.0,1.7958736419677734
355,24.0,6.464057445526123
356,24.0,4.523756980895996
357,24.0,1.803907871246338
358,24.0,2.102311134338379
359,24.0,2.432661533355713
360,24.0,1.7203192710876465
361,24.0,0.7300643920898438
362,24.0,5.3099799156188965
363,24.0,1.8858933448791504
364,24.0,8.34798526763916
365,24.0,2.7121846675872803
366,24.0,3.709892749786377
367,24.0,6.419893741607666
368,24.0,1.145071029663086
369,24.0,0.8939766883850098
370,24.0,5.440030574798584
371,24.0,6.604281902313232
372,24.0,2.9895591735839844
373,24.0,2.8674607276916504
374,24.0,4.300549030303955
375,24.0,0.8664143085479736
376,24.0,4.935433864593506
377,24.0,0.09775352478027344
378,24.0,3.23610258102417
379,24.0,4.039578914642334
380,24.0,5.283146381378174
381,24.0,2.0338830947875977
382,24.0,3.529907703399658
383,24.0,0.43697309494018555
384,24.0,4.565425395965576
385,24.0,3.3739070892333984
386,24.0,7.634169101715088
387,24.0,2.27885103225708
388,24.0,3.5085010528564453
389,24.0,1.9585981369018555
390,24.0,0.9376950263977051
391,24.0,3.7631611824035645
392,24.0,2.001026153564453
393,24.0,1.3357295989990234
394,24.0,2.218390464782715
395,24.0,2.546896457672119
396,24.0,1.353053092956543
397,24.0,2.2474207878112793
398,24.0,0.7528166770935059
399,24.0,2.3494486808776855
400,24.0,0.8026332855224609
401,24.0,2.2801122665405273
402,24.0,3.564405918121338
403,24.0,0.17765235900878906
404,24.0,1.3796272277832031
405,24.0,1.2712655067443848
406,24.0,4.57036018371582
407,24.0,2.9950599670410156
408,24.0,0.5536975860595703
409,24.0,2.751925468444824
410,24.0,2.393399238586426
411,24.0,2.154719352722168
412,24.0,3.002556800842285
413,24.0,2.056089401245117
414,24.0,3.4140477180480957
415,24.0,1.5248908996582031
416,24.0,2.8129706382751465
417,24.0,3.0821661949157715
418,24.0,2.2316150665283203
419,24.0,4.888846397399902
420,24.0,1.4475665092468262
421,24.0,0.37928199768066406
422,24.0,5.660857677459717
423,24.0,1.4596977233886719
424,24.0,1.170942783355713
425,24.0,4.549820423126221
426,24.0,4.543551445007324
427,24.0,2.8943581581115723
428,24.0,2.200626850128174
429,24.0,1.9424939155578613
430,24.0,5.041592121124268
431,24.0,2.2678885459899902
432,24.0,2.2313380241394043
433,24.0,4.457514762878418
434,24.0,2.666469097137451
435,24.0,2.03548526763916
436,24.0,10.157472610473633
437,24.0,1.5649900436401367
438,24.0,2.3511204719543457
439,24.0,2.297182083129883
440,24.0,3.1122560501098633
441,24.0,1.397658348083496
442,24.0,3.3793540000915527
443,24.0,0.3437380790710449
444,24.0,4.38322114944458
445,24.0,2.974762439727783
446,24.0,1.576798915863037
447,24.0,3.7185592651367188
448,24.0,6.133884429931641
449,24.0,2.876410484313965
450,24.0,3.6834540367126465
451,24.0,1.5424180030822754
452,24.0,3.0213370323181152
453,24.0,4.0255303382873535
454,24.0,1.4499897956848145
455,24.0,0.31417083740234375
456,24.0,2.5772743225097656
457,24.0,2.469635486602783
458,24.0,2.044095993041992
459,24.0,1.4231057167053223
460,24.0,3.4631686210632324
461,24.0,2.6866660118103027
462,24.0,0.7124052047729492
463,24.0,1.6302313804626465
464,24.0,2.920727252960205
465,24.0,0.41701841354370117
466,24.0,2.76564359664917
467,24.0,2.066061496734619
468,24.0,0.20273065567016602
469,24.0,1.3466591835021973
470,24.0,4.9156341552734375
471,24.0,0.9447603225708008
472,24.0,3.900519847869873
473,24.0,4.347005367279053
474,24.0,1.6689143180847168
475,24.0,0.4971890449523926
476,24.0,4.455724239349365
477,24.0,1.2816286087036133
478,24.0,0.4698662757873535
479,24.0,3.1602602005004883
480,24.0,3.0986905097961426
481,24.0,5.0028533935546875
482,24.0,2.596803665161133
483,24.0,1.6863107681274414
484,24.0,0.6934499740600586
485,24.0,0.5627589225769043
486,24.0,0.031531333923339844
487,24.0,1.7253503799438477
488,24.0,3.5190682411193848
489,24.0,4.8682050704956055
490,24.0,2.801161289215088
491,24.0,3.983942985534668
492,24.0,3.0259437561035156
493,24.0,0.1737065315246582
494,24.0,0.501121997833252
495,24.0,1.545311450958252
496,24.0,5.018315315246582
497,24.0,2.2071919441223145
498,24.0,5.450743675231934
499,24.0,2.23592472076416
500,24.0,1.9680461883544922
501,24.0,1.5579094886779785
502,24.0,1.2452263832092285
503,24.0,1.2998437881469727
504,24.0,1.3433589935302734
505,24.0,1.1562256813049316
506,24.0,1.1885952949523926
507,24.0,2.836559772491455
508,24.0,3.364368438720703
509,24.0,3.1595606803894043
510,24.0,0.17530107498168945
511,24.0,3.609920024871826
512,24.0,0.5646347999572754
513,24.0,2.3211936950683594
514,24.0,4.0550360679626465
515,24.0,0.40038537979125977
516,24.0,3.0415186882019043
517,24.0,1.380706787109375
518,24.0,2.320378303527832
519,24.0,3.0908989906311035
520,24.0,3.7234320640563965
521,24.0,2.2222070693969727
522,24.0,1.8303961753845215
523,24.0,2.9659066200256348
524,24.0,1.0114197731018066
525,24.0,1.2382326126098633
526,24.0,0.6788663864135742
527,24.0,3.8790926933288574
528,24.0,1.848419189453125
529,24.0,2.845508098602295
530,24.0,2.4009594917297363
531,24.0,1.3898043632507324
532,24.0,2.232866048812866
533,24.0,0.0626678466796875
534,24.0,0.2689952850341797
535,24.0,0.46666717529296875
536,24.0,2.6607298851013184
537,24.0,0.18735170364379883
538,24.0,5.0067925453186035
539,24.0,2.1786136627197266
540,24.0,6.019294738769531
541,24.0,0.8342504501342773
542,24.0,4.142609596252441
543,24.0,3.5482616424560547
544,24.0,1.2455058097839355
545,24.0,2.2953615188598633
546,24.0,3.002887725830078
547,24.0,2.7337608337402344
548,24.0,2.4075045585632324
549,24.0,3.5281119346618652
550,24.0,4.607017993927002
551,24.0,4.611434459686279
552,24.0,2.2080554962158203
553,24.0,1.7340679168701172
554,24.0,2.8142948150634766
555,24.0,2.987416982650757
556,24.0,0.8386402130126953
557,24.0,2.8436059951782227
558,24.0,3.503592014312744
559,24.0,2.354228973388672
560,24.0,1.7977099418640137
561,24.0,1.394261360168457
562,24.0,1.4356355667114258
563,24.0,2.765646457672119
564,24.0,3.2135519981384277
565,24.0,4.6891069412231445
566,24.0,4.450311660766602
567,24.0,2.8594861030578613
568,24.0,1.4183592796325684
569,24.0,3.4060921669006348
570,24.0,1.4036130905151367
571,24.0,2.616443157196045
572,24.0,2.051199436187744
573,24.0,2.8089399337768555
574,24.0,0.8993215560913086
575,24.0,4.791189670562744
576,24.0,2.7745494842529297
577,24.0,0.8346371650695801
578,24.0,0.5739130973815918
579,24.0,2.318988800048828
580,24.0,0.5775966644287109
581,24.0,3.28300142288208
582,24.0,1.1487579345703125
583,24.0,2.0448927879333496
584,24.0,2.324554920196533
585,24.0,3.5611329078674316
586,24.0,1.9818477630615234
587,24.0,2.0470361709594727
588,24.0,3.002647876739502
589,24.0,0.11813926696777344
590,24.0,0.30463600158691406
591,24.0,2.5600533485412598
592,24.0,2.109005928039551
593,24.0,1.5515379905700684
594,24.0,3.8874168395996094
595,24.0,2.5221147537231445
596,24.0,3.710139751434326
597,24.0,3.3352479934692383
598,24.0,2.966792583465576
599,24.0,3.7947607040405273
600,24.0,3.0598912239074707
601,24.0,0.2568669319152832
602,24.0,5.397762775421143
603,24.0,2.8092994689941406
604,24.0,4.249008655548096
605,24.0,5.276116847991943
606,24.0,1.2384090423583984
607,24.0,3.5659728050231934
608,24.0,4.999340534210205
609,24.0,1.3755683898925781
610,24.0,3.2389445304870605
611,24.0,0.17597007751464844
612,24.0,7.3796257972717285
613,24.0,1.827186107635498
614,24.0,4.9718017578125
615,24.0,4.413491725921631
616,24.0,2.0049829483032227
617,24.0,2.8179092407226562
618,24.0,3.417187213897705
619,24.0,4.2914137840271
620,24.0,1.0572376251220703
621,24.0,2.206664562225342
622,24.0,1.721412181854248
623,24.0,2.134103298187256
624,24.0,3.496544361114502
625,24.0,3.8213281631469727
626,24.0,0.9809436798095703
627,24.0,5.150609016418457
628,24.0,1.6169686317443848
629,24.0,2.393850803375244
630,24.0,2.119579792022705
631,24.0,0.32108068466186523
632,24.0,2.6262760162353516
633,24.0,4.118494033813477
634,24.0,3.5575485229492188
635,24.0,0.5890460014343262
636,24.0,3.1664552688598633
637,24.0,0.5180535316467285
638,24.0,1.026684284210205
639,24.0,7.061208724975586
640,24.0,3.6758432388305664
641,24.0,2.522643566131592
642,24.0,7.763369560241699
643,24.0,0.24329423904418945
644,24.0,1.8914332389831543
645,24.0,2.41499662399292
646,24.0,2.4590282440185547
647,24.0,2.113945484161377
648,24.0,6.441709518432617
649,24.0,1.6001815795898438
650,24.0,0.8805303573608398
651,24.0,0.5327267646789551
652,24.0,4.873270034790039
653,24.0,3.463301658630371
654,24.0,5.8321051597595215
655,24.0,3.3528428077697754
656,24.0,0.0794677734375
657,24.0,0.24669384956359863
658,24.0,2.6795997619628906
659,24.0,1.5697593688964844
660,24.0,4.4795241355896
661,24.0,4.036617279052734
662,24.0,1.3264856338500977
663,24.0,2.989708423614502
664,24.0,4.372403144836426
665,24.0,4.379466533660889
666,24.0,0.7393956184387207
667,24.0,1.479780673980713
668,24.0,2.1931371688842773
669,24.0,5.399861812591553
670,24.0,3.4966659545898438
671,24.0,2.6149420738220215
672,24.0,2.086538791656494
673,24.0,0.658592700958252
674,24.0,4.622577667236328
675,24.0,1.6728510856628418
676,24.0,4.3525590896606445
677,24.0,2.8490567207336426
678,24.0,1.5906462669372559
679,24.0,1.2923297882080078
680,24.0,0.1618208885192871
681,24.0,0.11789274215698242
682,24.0,3.44466495513916
683,24.0,5.548756122589111
684,24.0,2.7105278968811035
685,24.0,3.453777313232422
686,24.0,0.9516081809997559
687,24.0,10.847932815551758
688,24.0,3.466421127319336
689,24.0,0.8117423057556152
690,24.0,0.10368633270263672
691,24.0,1.5641307830810547
692,24.0,3.657555103302002
693,24.0,8.316228866577148
694,24.0,0.3910198211669922
695,24.0,0.8554706573486328
696,24.0,6.641845226287842
697,24.0,0.6894192695617676
698,24.0,1.9946355819702148
699,24.0,0.45244932174682617
700,24.0,1.487520694732666
701,24.0,0.06347894668579102
702,24.0,1.0554547309875488
703,24.0,3.4381768703460693
704,24.0,5.2688164710998535
705,24.0,6.754299163818359
706,24.0,3.649482250213623
707,24.0,3.284191608428955
708,24.0,7.652412414550781
709,24.0,2.781100273132324
710,24.0,2.8240065574645996
711,24.0,3.795597553253174
712,24.0,0.2959880828857422
713,24.0,2.75429630279541
714,24.0,2.2511425018310547
715,24.0,0.9885892868041992
716,24.0,0.27380847930908203
717,24.0,4.058326721191406
718,24.0,2.0844244956970215
719,24.0,4.64139461517334
720,24.0,1.9415168762207031
721,24.0,2.1312766075134277
722,24.0,2.281860828399658
723,24.0,6.571897506713867
724,24.0,3.4111523628234863
725,24.0,3.695042610168457
726,24.0,3.610909938812256
727,24.0,2.856447219848633
728,24.0,8.397006034851074
729,24.0,1.7376375198364258
730,24.0,0.7099642753601074
731,24.0,1.9583148956298828
732,24.0,1.3180346488952637
733,24.0,1.641345500946045
734,24.0,0.5235562324523926
735,24.0,4.435470104217529
736,24.0,0.9118318557739258
737,24.0,1.541539192199707
738,24.0,0.08763885498046875
739,24.0,0.20347356796264648
740,24.0,0.05864763259887695
741,24.0,1.6793928146362305
742,24.0,3.17710542678833
743,24.0,0.14449501037597656
744,24.0,5.630255222320557
745,24.0,3.572305917739868
746,24.0,3.480815887451172
747,24.0,4.214572906494141
748,24.0,6.619327068328857
749,24.0,2.661929130554199
750,24.0,2.681729316711426
751,24.0,4.67590856552124
752,24.0,1.7712736129760742
753,24.0,3.248415470123291
754,24.0,2.3130078315734863
755,24.0,1.174128532409668
756,24.0,2.735853672027588
757,24.0,2.383211612701416
758,24.0,2.1359691619873047
759,24.0,3.189591407775879
760,24.0,3.7850871086120605
761,24.0,3.50431489944458
762,24.0,3.2785444259643555
763,24.0,0.40803098678588867
764,24.0,5.1806254386901855
765,24.0,2.625515937805176
766,24.0,3.8162198066711426
767,24.0,1.1904430389404297
768,24.0,4.475571155548096
769,24.0,2.405129909515381
770,24.0,0.7132606506347656
771,24.0,2.026282787322998
772,24.0,4.712762355804443
773,24.0,3.3018436431884766
774,24.0,1.6833076477050781
775,24.0,2.841789722442627
776,24.0,4.087273120880127
777,24.0,3.764124870300293
778,24.0,2.681640148162842
779,24.0,0.6210103034973145
780,24.0,1.10194730758667
781,24.0,2.5958218574523926
782,24.0,1.4653124809265137
783,24.0,0.797581672668457
784,24.0,5.917623043060303
785,24.0,0.8329277038574219
786,24.0,0.6973409652709961
787,24.0,1.815080165863037
788,24.0,0.8352260589599609
789,24.0,2.9363250732421875
790,24.0,5.4267497062683105
791,24.0,3.3540902137756348
792,24.0,0.24552011489868164
793,24.0,3.1101245880126953
794,24.0,0.36186790466308594
795,24.0,7.237315654754639
796,24.0,4.474522113800049
797,24.0,6.25594425201416
798,24.0,3.8484439849853516
799,24.0,2.1400580406188965
800,24.0,2.1842265129089355
801,24.0,0.8010983467102051
802,24.0,4.268187046051025
803,24.0,3.031325340270996
804,24.0,2.7262282371520996
805,24.0,1.2202444076538086
806,24.0,3.3864688873291016
807,24.0,0.4349246025085449
808,24.0,1.5634708404541016
809,24.0,1.407198429107666
810,24.0,3.6520400047302246
811,24.0,3.0120186805725098
812,24.0,1.2554011344909668
813,24.0,4.467341899871826
814,24.0,1.7959957122802734
815,24.0,3.165348529815674
816,24.0,2.275482177734375
817,24.0,1.7821264266967773
818,24.0,4.901410102844238
819,24.0,4.030290603637695
820,24.0,0.39600372314453125
821,24.0,3.480792999267578
822,24.0,2.2549242973327637
823,24.0,0.5662555694580078
824,24.0,3.0917418003082275
825,24.0,3.339951515197754
826,24.0,2.5244803428649902
827,24.0,1.3630831241607666
828,24.0,5.4036054611206055
829,24.0,2.489445686340332
830,24.0,2.5805606842041016
831,24.0,0.029327869415283203
832,24.0,6.6904988288879395
833,24.0,6.592281341552734
834,24.0,4.083683967590332
835,24.0,1.565566062927246
836,24.0,0.393951416015625
837,24.0,1.0494780540466309
838,24.0,5.000110149383545
839,24.0,2.6843953132629395
840,24.0,10.361328125
841,24.0,1.8344612121582031
842,24.0,0.974360466003418
843,24.0,2.4029412269592285
844,24.0,5.362328052520752
845,24.0,3.911057949066162
846,24.0,2.1142449378967285
847,24.0,1.679842472076416
848,24.0,2.9942498207092285
849,24.0,2.0998339653015137
850,24.0,0.35178470611572266
851,24.0,6.308568477630615
852,24.0,2.073521137237549
853,24.0,4.772271156311035
854,24.0,5.210661888122559
855,24.0,13.36196231842041
856,24.0,2.3030357360839844
857,24.0,3.26332950592041
858,24.0,1.6963167190551758
859,24.0,1.270397663116455
860,24.0,2.322539806365967
861,24.0,1.4427886009216309
862,24.0,0.6585597991943359
863,24.0,4.7763800621032715
864,24.0,0.7080669403076172
865,24.0,0.7724637985229492
866,24.0,2.7018184661865234
867,24.0,1.0299701690673828
868,24.0,0.1917877197265625
869,24.0,1.2060132026672363
870,24.0,4.217472553253174
871,24.0,4.131902694702148
872,24.0,1.5881285667419434
873,24.0,0.19063138961791992
874,24.0,3.88527512550354
875,24.0,4.981975555419922
876,24.0,2.9243364334106445
877,24.0,4.955880641937256
878,24.0,3.4789671897888184
879,24.0,0.9462628364562988
880,24.0,1.2411580085754395
881,24.0,1.9358925819396973
882,24.0,0.829963207244873
883,24.0,6.229934215545654
884,24.0,4.872640609741211
885,24.0,7.112198352813721
886,24.0,2.817368984222412
887,24.0,2.5786995887756348
888,24.0,3.320216178894043
889,24.0,0.3367953300476074
890,24.0,2.806687355041504
891,24.0,1.5345039367675781
892,24.0,2.824759006500244
893,24.0,2.059370994567871
894,24.0,3.1663498878479004
895,24.0,1.1208276748657227
896,24.0,3.6534318923950195
897,24.0,5.416102886199951
898,24.0,2.9618477821350098
899,24.0,0.848487377166748
900,24.0,2.580329418182373
901,24.0,2.3196377754211426
902,24.0,3.774573802947998
903,24.0,4.222853183746338
904,24.0,3.743866443634033
905,24.0,2.70871901512146
906,24.0,2.5924363136291504
907,24.0,7.964060306549072
908,24.0,3.8516640663146973
909,24.0,3.527906894683838
910,24.0,0.4469571113586426
911,24.0,0.3904571533203125
912,24.0,5.87774133682251
913,24.0,2.030816078186035
914,24.0,1.7768526077270508
915,24.0,0.6282486915588379
916,24.0,3.810807228088379
917,24.0,2.872500419616699
918,24.0,1.7786011695861816
919,24.0,5.293674945831299
920,24.0,0.6830525398254395
921,24.0,1.66172456741333
922,24.0,0.13609981536865234
923,24.0,2.059401035308838
924,24.0,3.0496878623962402
925,24.0,1.0883526802062988
926,24.0,1.7334918975830078
927,24.0,2.7148399353027344
928,24.0,0.6545195579528809
929,24.0,1.9280123710632324
930,24.0,0.42171192169189453
931,24.0,2.9976449012756348
932,24.0,3.7649946212768555
933,24.0,1.3704118728637695
934,24.0,1.2935171127319336
935,24.0,0.5177388191223145
936,24.0,2.152517795562744
937,24.0,4.633581161499023
938,24.0,4.563227653503418
939,24.0,3.9372048377990723
940,24.0,2.7599520683288574
941,24.0,2.9654009342193604
942,24.0,2.8223443031311035
943,24.0,4.139090538024902
944,24.0,5.517789363861084
945,24.0,2.4077043533325195
946,24.0,2.8062777519226074
947,24.0,4.669749736785889
948,24.0,1.606980800628662
949,24.0,0.9203534126281738
950,24.0,2.2418832778930664
951,24.0,4.089946269989014
952,24.0,4.120126724243164
953,24.0,2.955491542816162
954,24.0,2.8556160926818848
955,24.0,0.47028255462646484
956,24.0,1.7299423217773438
957,24.0,4.363409519195557
958,24.0,1.1664485931396484
959,24.0,0.5223121643066406
960,24.0,0.9976096153259277
961,24.0,2.8806324005126953
962,24.0,4.870028972625732
963,24.0,2.2882986068725586
964,24.0,2.918217182159424
965,24.0,0.2613224983215332
966,24.0,0.0998697280883789
967,24.0,1.0870022773742676
968,24.0,3.417396068572998
969,24.0,2.5428271293640137
970,24.0,5.5851640701293945
971,24.0,5.290059566497803
972,24.0,2.5314207077026367
973,24.0,3.0378942489624023
974,24.0,2.0163121223449707
975,24.0,0.611638069152832
976,24.0,5.127622127532959
977,24.0,6.001067161560059
978,24.0,1.7711424827575684
979,24.0,0.6950173377990723
980,24.0,0.0026426315307617188
981,24.0,4.987421035766602
982,24.0,0.887671947479248
983,24.0,0.9615497589111328
984,24.0,0.9901981353759766
985,24.0,2.9735312461853027
986,24.0,1.4310040473937988
987,24.0,0.7347426414489746
988,24.0,3.1717305183410645
989,24.0,1.1665911674499512
990,24.0,2.2319774627685547
991,24.0,0.09596776962280273
992,24.0,0.46846675872802734
993,24.0,2.575651168823242
994,24.0,4.595945358276367
995,24.0,1.5979804992675781
996,24.0,2.236233711242676
997,24.0,0.7510128021240234
998,24.0,5.342775821685791
999,24.0,2.171708583831787
1000,28.0,1.0617122650146484
1001,28.0,1.6215848922729492
1002,28.0,2.9155707359313965
1003,28.0,3.8507847785949707
1004,28.0,8.49999713897705
1005,28.0,1.3715333938598633
1006,28.0,2.4994497299194336
1007,28.0,0.04676532745361328
1008,28.0,3.470139503479004
1009,28.0,4.738065242767334
1010,28.0,5.407103061676025
1011,28.0,3.8715128898620605
1012,28.0,14.581451416015625
1013,28.0,10.96454906463623
1014,28.0,0.7170209884643555
1015,28.0,5.999221324920654
1016,28.0,2.494480609893799
1017,28.0,3.4706802368164062
1018,28.0,2.472444534301758
1019,28.0,0.6145782470703125
1020,28.0,2.4474992752075195
1021,28.0,4.119386196136475
1022,28.0,4.1459527015686035
1023,28.0,6.395410537719727
1024,28.0,4.295299530029297
1025,28.0,1.4426589012145996
1026,28.0,3.4447593688964844
1027,28.0,0.5997543334960938
1028,28.0,3.962763786315918
1029,28.0,0.9620213508605957
1030,28.0,0.5415277481079102
1031,28.0,3.108611583709717
1032,28.0,0.18277835845947266
1033,28.0,3.2211039066314697
1034,28.0,0.711707592010498
1035,28.0,3.0828428268432617
1036,28.0,0.8518486022949219
1037,28.0,4.325359344482422
1038,28.0,2.4152779579162598
1039,28.0,1.1053848266601562
1040,28.0,2.096064567565918
1041,28.0,4.7999444007873535
1042,28.0,0.7830619812011719
1043,28.0,6.993331432342529
1044,28.0,6.619156360626221
1045,28.0,0.657310962677002
1046,28.0,2.461702346801758
1047,28.0,2.544114112854004
1048,28.0,10.051958084106445
1049,28.0,3.2529444694519043
1050,28.0,2.4820094108581543
1051,28.0,4.779298305511475
1052,28.0,6.721604347229004
1053,28.0,1.258629322052002
1054,28.0,3.2571020126342773
1055,28.0,0.23820972442626953
1056,28.0,0.33486270904541016
1057,28.0,0.002197742462158203
1058,28.0,10.00791072845459
1059,28.0,18.061569213867188
1060,28.0,4.369870185852051
1061,28.0,0.13040399551391602
1062,28.0,5.000583171844482
1063,28.0,2.679720878601074
1064,28.0,7.052360534667969
1065,28.0,1.6275806427001953
1066,28.0,4.623141765594482
1067,28.0,2.6577939987182617
1068,28.0,2.020318031311035
1069,28.0,1.912123680114746
1070,28.0,3.247309684753418
1071,28.0,2.735905647277832
1072,28.0,1.268357276916504
1073,28.0,2.7870826721191406
1074,28.0,5.023557662963867
1075,28.0,1.035506248474121
1076,28.0,6.999297618865967
1077,28.0,5.890763282775879
1078,28.0,3.2896666526794434
1079,28.0,5.419638156890869
1080,28.0,1.399691104888916
1081,28.0,2.253772258758545
1082,28.0,2.809943675994873
1083,28.0,2.394016742706299
1084,28.0,12.076705932617188
1085,28.0,0.13335227966308594
1086,28.0,2.3256354331970215
1087,28.0,2.612809658050537
1088,28.0,6.893087863922119
1089,28.0,2.713184356689453
1090,28.0,11.61971664428711
1091,28.0,3.836988925933838
1092,28.0,6.4571452140808105
1093,28.0,8.480409622192383
1094,28.0,2.376349687576294
1095,28.0,0.2877330780029297
1096,28.0,3.125047206878662
1097,28.0,0.6522383689880371
1098,28.0,3.5911264419555664
1099,28.0,3.9765419960021973
1100,28.0,0.4963078498840332
1101,28.0,1.0060687065124512
1102,28.0,4.728184700012207
1103,28.0,0.25048828125
1104,28.0,0.8221330642700195
1105,28.0,3.3764185905456543
1106,28.0,6.848455905914307
1107,28.0,1.3990063667297363
1108,28.0,2.3370542526245117
1109,28.0,3.236090660095215
1110,28.0,6.067226409912109
1111,28.0,3.8972463607788086
1112,28.0,8.44580078125
1113,28.0,2.3166494369506836
1114,28.0,9.390948295593262
1115,28.0,5.2844319343566895
1116,28.0,3.6332039833068848
1117,28.0,10.59561824798584
1118,28.0,0.3267478942871094
1119,28.0,0.7791872024536133
1120,28.0,3.423720359802246
1121,28.0,1.7854251861572266
1122,28.0,10.886688232421875
1123,28.0,1.05125093460083
1124,28.0,0.8471188545227051
1125,28.0,5.309672832489014
1126,28.0,2.928084373474121
1127,28.0,0.7944250106811523
1128,28.0,1.0222387313842773
1129,28.0,1.9911422729492188
1130,28.0,3.1664886474609375
1131,28.0,3.038959503173828
1132,28.0,5.073606014251709
1133,28.0,2.547435760498047
1134,28.0,3.9991650581359863
1135,28.0,2.7051987648010254
1136,28.0,3.3533191680908203
1137,28.0,2.984865188598633
1138,28.0,4.260180950164795
1139,28.0,13.262471199035645
1140,28.0,4.776057720184326
1141,28.0,0.4038114547729492
1142,28.0,2.633265495300293
1143,28.0,3.797562599182129
1144,28.0,1.2345466613769531
1145,28.0,3.1394529342651367
1146,28.0,1.3179922103881836
1147,28.0,1.924642562866211
1148,28.0,18.135892868041992
1149,28.0,1.0537161827087402
1150,28.0,1.8592305183410645
1151,28.0,2.651824951171875
1152,28.0,0.6168999671936035
1153,28.0,5.1637187004089355
1154,28.0,0.28553247451782227
1155,28.0,1.5683059692382812
1156,28.0,3.9989938735961914
1157,28.0,2.024257183074951
1158,28.0,2.436532497406006
1159,28.0,3.5159811973571777
1160,28.0,0.3764762878417969
1161,28.0,2.9583921432495117
1162,28.0,5.330646991729736
1163,28.0,2.3930435180664062
1164,28.0,4.711464881896973
1165,28.0,2.942577838897705
1166,28.0,11.314630508422852
1167,28.0,3.2410998344421387
1168,28.0,9.122589111328125
1169,28.0,1.1660752296447754
1170,28.0,1.4328794479370117
1171,28.0,2.462585926055908
1172,28.0,5.747215747833252
1173,28.0,0.18891620635986328
1174,28.0,0.7023415565490723
1175,28.0,4.7237324714660645
1176,28.0,2.241179943084717
1177,28.0,0.7032995223999023
1178,28.0,1.057917594909668
1179,28.0,14.987401962280273
1180,28.0,2.638899803161621
1181,28.0,1.5963611602783203
1182,28.0,6.471160411834717
1183,28.0,4.3545331954956055
1184,28.0,1.7206439971923828
1185,28.0,4.8477911949157715
1186,28.0,4.017847537994385
1187,28.0,3.8100452423095703
1188,28.0,0.13071155548095703
1189,28.0,1.9465088844299316
1190,28.0,7.214965343475342
1191,28.0,5.392917156219482
1192,28.0,0.7978124618530273
1193,28.0,7.31145715713501
1194,28.0,4.636277675628662
1195,28.0,0.8449277877807617
1196,28.0,6.743475914001465
1197,28.0,1.8538141250610352
1198,28.0,3.064608097076416
1199,28.0,0.5652203559875488
1200,28.0,0.07208442687988281
1201,28.0,4.76652193069458
1202,28.0,5.372087478637695
1203,28.0,2.8970136642456055
1204,28.0,6.259335517883301
1205,28.0,1.816446304321289
1206,28.0,1.3434782028198242
1207,28.0,0.37920188903808594
1208,28.0,5.068759441375732
1209,28.0,4.365781784057617
1210,28.0,5.197196006774902
1211,28.0,2.6213603019714355
1212,28.0,5.938327312469482
1213,28.0,0.1476454734802246
1214,28.0,2.3086905479431152
1215,28.0,5.509415149688721
1216,28.0,3.815103054046631
1217,28.0,3.4271368980407715
1218,28.0,1.9095354080200195
1219,28.0,5.901006698608398
1220,28.0,4.20918607711792
1221,28.0,1.333296775817871
1222,28.0,0.8401203155517578
1223,28.0,3.7392568588256836
1224,28.0,2.0254921913146973
1225,28.0,5.064311504364014
1226,28.0,0.6619687080383301
1227,28.0,2.9611315727233887
1228,28.0,1.0378684997558594
1229,28.0,0.26184511184692383
1230,28.0,2.06264591217041
1231,28.0,3.823215961456299
1232,28.0,2.7945313453674316
1233,28.0,1.9506199359893799
1234,28.0,0.49626636505126953
1235,28.0,4.456504821777344
1236,28.0,0.1795511245727539
1237,28.0,1.165802001953125
1238,28.0,2.093355655670166
1239,28.0,2.769338607788086
1240,28.0,0.611422061920166
1241,28.0,1.2776784896850586
1242,28.0,3.2989134788513184
1243,28.0,11.341354370117188
1244,28.0,0.022580623626708984
1245,28.0,3.666749954223633
1246,28.0,5.472915172576904
1247,28.0,1.7530126571655273
1248,28.0,0.4777975082397461
1249,28.0,21.461259841918945
1250,28.0,2.3557143211364746
1251,28.0,5.568779468536377
1252,28.0,2.7236175537109375
1253,28.0,2.5696301460266113
1254,28.0,6.822160243988037
1255,28.0,3.946732997894287
1256,28.0,0.9467649459838867
1257,28.0,1.7231087684631348
1258,28.0,1.0985288619995117
1259,28.0,1.2654638290405273
1260,28.0,0.9605035781860352
1261,28.0,11.317604064941406
1262,28.0,0.7304916381835938
1263,28.0,4.281383991241455
1264,28.0,2.808501720428467
1265,28.0,0.34150123596191406
1266,28.0,4.745217800140381
1267,28.0,6.018158912658691
1268,28.0,3.9058852195739746
1269,28.0,1.8551859855651855
1270,28.0,4.629508018493652
1271,28.0,3.6041030883789062
1272,28.0,7.17062520980835
1273,28.0,2.712555408477783
1274,28.0,2.4907636642456055
1275,28.0,4.791543483734131
1276,28.0,3.719780921936035
1277,28.0,1.2907419204711914
1278,28.0,2.5210933685302734
1279,28.0,7.251641750335693
1280,28.0,1.4347562789916992
1281,28.0,2.227863311767578
1282,28.0,5.03499698638916
1283,28.0,2.01558780670166
1284,28.0,2.455608367919922
1285,28.0,1.7598581314086914
1286,28.0,2.3689069747924805
1287,28.0,3.7371578216552734
1288,28.0,2.237203598022461
1289,28.0,4.262871742248535
1290,28.0,1.0478119850158691
1291,28.0,3.824146270751953
1292,28.0,1.839184284210205
1293,28.0,3.46859073638916
1294,28.0,0.35480594635009766
1295,28.0,3.4006271362304688
1296,28.0,5.538120269775391
1297,28.0,0.7889094352722168
1298,28.0,7.848460674285889
1299,28.0,16.31362533569336
1300,28.0,4.251536846160889
1301,28.0,1.1613702774047852
1302,28.0,11.605052947998047
1303,28.0,0.6692705154418945
1304,28.0,4.234076023101807
1305,28.0,4.467065334320068
1306,28.0,0.8889265060424805
1307,28.0,2.220944881439209
1308,28.0,2.2418923377990723
1309,28.0,1.10245943069458
1310,28.0,6.852459907531738
1311,28.0,7.009800434112549
1312,28.0,6.4853339195251465
1313,28.0,0.18865346908569336
1314,28.0,1.6826810836791992
1315,28.0,3.902719020843506
1316,28.0,4.288220405578613
1317,28.0,2.8405275344848633
1318,28.0,0.1808300018310547
1319,28.0,1.6205215454101562
1320,28.0,11.270224571228027
1321,28.0,0.19422435760498047
1322,28.0,5.099125862121582
1323,28.0,2.3805503845214844
1324,28.0,1.231771469116211
1325,28.0,3.7579355239868164
1326,28.0,6.661287307739258
1327,28.0,6.811439037322998
1328,28.0,3.793430805206299
1329,28.0,3.5124826431274414
1330,28.0,2.452150821685791
1331,28.0,1.5030741691589355
1332,28.0,0.6868038177490234
1333,28.0,1.6935815811157227
1334,28.0,1.1079211235046387
1335,28.0,0.3486671447753906
1336,28.0,5.913097858428955
1337,28.0,3.3350601196289062
1338,28.0,5.422972202301025
1339,28.0,0.7036867141723633
1340,28.0,7.456499099731445
1341,28.0,5.263604164123535
1342,28.0,3.831345558166504
1343,28.0,6.19390344619751
1344,28.0,1.4405303001403809
1345,28.0,1.8706121444702148
1346,28.0,2.1025123596191406
1347,28.0,7.4557061195373535
1348,28.0,8.699100494384766
1349,28.0,2.2424187660217285
1350,28.0,1.671891212463379
1351,28.0,0.7017765045166016
1352,28.0,7.033684253692627
1353,28.0,4.957674503326416
1354,28.0,3.2444472312927246
1355,28.0,5.29994535446167
1356,28.0,1.0109095573425293
1357,28.0,2.56512451171875
1358,28.0,2.5711774826049805
1359,28.0,7.587978839874268
1360,28.0,4.518913745880127
1361,28.0,0.7343077659606934
1362,28.0,4.570236682891846
1363,28.0,9.593496322631836
1364,28.0,3.1273255348205566
1365,28.0,4.221296787261963
1366,28.0,3.2588376998901367
1367,28.0,0.8140292167663574
1368,28.0,7.26750373840332
1369,28.0,0.16767549514770508
1370,28.0,1.46500825881958
1371,28.0,3.21799898147583
1372,28.0,6.09528923034668
1373,28.0,5.226351261138916
1374,28.0,11.859753608703613
1375,28.0,5.800122261047363
1376,28.0,9.590105056762695
1377,28.0,7.434446334838867
1378,28.0,4.191176414489746
1379,28.0,3.158799648284912
1380,28.0,1.6211581230163574
1381,28.0,0.9896845817565918
1382,28.0,5.847330570220947
1383,28.0,3.6795668601989746
1384,28.0,10.305391311645508
1385,28.0,4.564003944396973
1386,28.0,7.976686000823975
1387,28.0,1.6460437774658203
1388,28.0,0.6111545562744141
1389,28.0,5.464614391326904
1390,28.0,1.0725679397583008
1391,28.0,5.355841159820557
1392,28.0,1.1849212646484375
1393,28.0,1.7697772979736328
1394,28.0,3.4012975692749023
1395,28.0,5.337406158447266
1396,28.0,5.279482841491699
1397,28.0,5.455468654632568
1398,28.0,10.548812866210938
1399,28.0,8.26485824584961
1400,28.0,2.520145893096924
1401,28.0,5.013631343841553
1402,28.0,2.2013773918151855
1403,28.0,7.219576358795166
1404,28.0,4.4137797355651855
1405,28.0,1.9652290344238281
1406,28.0,4.762943744659424
1407,28.0,5.744962692260742
1408,28.0,0.10511493682861328
1409,28.0,2.0061707496643066
1410,28.0,1.384404182434082
1411,28.0,2.1939010620117188
1412,28.0,0.32646846771240234
1413,28.0,2.1419601440429688
1414,28.0,3.7313766479492188
1415,28.0,5.848895072937012
1416,28.0,2.1577749252319336
1417,28.0,2.4877567291259766
1418,28.0,0.23607873916625977
1419,28.0,1.8975787162780762
1420,28.0,9.24345588684082
1421,28.0,2.4698495864868164
1422,28.0,0.8625397682189941
1423,28.0,7.770969390869141
1424,28.0,3.305662155151367
1425,28.0,3.563997745513916
1426,28.0,1.419100284576416
1427,28.0,4.294951438903809
1428,28.0,2.695590019226074
1429,28.0,2.309506416320801
1430,28.0,0.49979352951049805
1431,28.0,0.5979189872741699
1432,28.0,2.1753158569335938
1433,28.0,5.620288848876953
1434,28.0,3.3216066360473633
1435,28.0,5.245512962341309
1436,28.0,6.006906986236572
1437,28.0,0.30500125885009766
1438,28.0,15.8883056640625
1439,28.0,5.099700927734375
1440,28.0,5.345529079437256
1441,28.0,7.989139080047607
1442,28.0,0.9400348663330078
1443,28.0,2.608973503112793
1444,28.0,2.0433454513549805
1445,28.0,16.42475700378418
1446,28.0,4.360032558441162
1447,28.0,7.794509410858154
1448,28.0,1.1518135070800781
1449,28.0,0.9432268142700195
1450,28.0,2.0127758979797363
1451,28.0,1.6253623962402344
1452,28.0,3.84346342086792
1453,28.0,3.2004942893981934
1454,28.0,4.9041056632995605
1455,28.0,0.025287628173828125
1456,28.0,2.399155616760254
1457,28.0,1.882741928100586
1458,28.0,3.750792980194092
1459,28.0,0.025248050689697266
1460,28.0,3.484347343444824
1461,28.0,1.4927396774291992
1462,28.0,1.1126861572265625
1463,28.0,2.8654937744140625
1464,28.0,2.5627899169921875
1465,28.0,1.5485038757324219
1466,28.0,0.6899547576904297
1467,28.0,5.401834011077881
1468,28.0,1.5616745948791504
1469,28.0,3.1716179847717285
1470,28.0,0.46663856506347656
1471,28.0,1.6653828620910645
1472,28.0,2.090208053588867
1473,28.0,3.644641160964966
1474,28.0,7.686396598815918
1475,28.0,7.165041923522949
1476,28.0,1.2039093971252441
1477,28.0,7.268919944763184
1478,28.0,2.505824565887451
1479,28.0,2.5718164443969727
1480,28.0,5.389929294586182
1481,28.0,5.746694087982178
1482,28.0,0.3672189712524414
1483,28.0,1.328028678894043
1484,28.0,1.2522201538085938
1485,28.0,0.8460869789123535
1486,28.0,1.4796786308288574
1487,28.0,3.7870421409606934
1488,28.0,1.9159650802612305
1489,28.0,1.5074963569641113
1490,28.0,5.485663890838623
1491,28.0,9.642518043518066
1492,28.0,1.7560577392578125
1493,28.0,2.045732021331787
1494,28.0,2.0750341415405273
1495,28.0,2.9978408813476562
1496,28.0,4.8686676025390625
1497,28.0,1.9856243133544922
1498,28.0,1.7192964553833008
1499,28.0,5.377556800842285
1500,28.0,2.648110866546631
1501,28.0,3.269883632659912
1502,28.0,1.022386074066162
1503,28.0,3.4866371154785156
1504,28.0,0.7061672210693359
1505,28.0,2.126862049102783
1506,28.0,4.636745452880859
1507,28.0,2.434251308441162
1508,28.0,3.2882304191589355
1509,28.0,1.894517183303833
1510,28.0,4.413506984710693
1511,28.0,1.1334118843078613
1512,28.0,5.253899097442627
1513,28.0,0.9972329139709473
1514,28.0,0.28633928298950195
1515,28.0,3.573720932006836
1516,28.0,2.469621181488037
1517,28.0,6.232509136199951
1518,28.0,0.2176952362060547
1519,28.0,1.696570634841919
1520,28.0,0.2882533073425293
1521,28.0,1.6451568603515625
1522,28.0,4.1885271072387695
1523,28.0,3.440300941467285
1524,28.0,6.001753330230713
1525,28.0,2.6081771850585938
1526,28.0,22.06504249572754
1527,28.0,0.38762426376342773
1528,28.0,6.3260178565979
1529,28.0,5.334659099578857
1530,28.0,4.902183532714844
1531,28.0,2.1025705337524414
1532,28.0,4.742551326751709
1533,28.0,4.684422969818115
1534,28.0,1.5931401252746582
1535,28.0,4.638685703277588
1536,28.0,5.294526100158691
1537,28.0,1.013448715209961
1538,28.0,13.032066345214844
1539,28.0,4.8678412437438965
1540,28.0,2.5815577507019043
1541,28.0,11.028810501098633
1542,28.0,2.409268856048584
1543,28.0,5.5899224281311035
1544,28.0,1.0006294250488281
1545,28.0,4.118512153625488
1546,28.0,3.676065444946289
1547,28.0,0.2857017517089844
1548,28.0,1.6646809577941895
1549,28.0,1.6679515838623047
1550,28.0,5.370670318603516
1551,28.0,5.1590142250061035
1552,28.0,1.277184009552002
1553,28.0,9.943937301635742
1554,28.0,5.663602828979492
1555,28.0,8.475467681884766
1556,28.0,6.072862148284912
1557,28.0,4.237570762634277
1558,28.0,3.825416088104248
1559,28.0,0.287473201751709
1560,28.0,1.2478728294372559
1561,28.0,1.8780603408813477
1562,28.0,6.246772766113281
1563,28.0,0.017888545989990234
1564,28.0,4.115843772888184
1565,28.0,2.669386863708496
1566,28.0,6.059340953826904
1567,28.0,2.709624767303467
1568,28.0,5.416077136993408
1569,28.0,1.664846420288086
1570,28.0,2.4151339530944824
1571,28.0,4.307857513427734
1572,28.0,6.388513088226318
1573,28.0,0.10279273986816406
1574,28.0,2.9664130210876465
1575,28.0,2.502859592437744
1576,28.0,0.8970870971679688
1577,28.0,3.124720573425293
1578,28.0,1.3608312606811523
1579,28.0,0.7391109466552734
1580,28.0,5.635240077972412
1581,28.0,1.9887399673461914
1582,28.0,0.6428651809692383
1583,28.0,3.628157615661621
1584,28.0,3.3503365516662598
1585,28.0,1.2751483917236328
1586,28.0,20.042465209960938
1587,28.0,3.707524299621582
1588,28.0,1.6081104278564453
1589,28.0,2.60577392578125
1590,28.0,2.881938934326172
1591,28.0,3.132704257965088
1592,28.0,6.664880275726318
1593,28.0,2.7871108055114746
1594,28.0,2.2545719146728516
1595,28.0,5.614983081817627
1596,28.0,1.9065260887145996
1597,28.0,1.4356670379638672
1598,28.0,10.07586669921875
1599,28.0,4.272526741027832
1600,28.0,2.5615158081054688
1601,28.0,13.798871994018555
1602,28.0,2.8614940643310547
1603,28.0,1.4572205543518066
1604,28.0,0.7149238586425781
1605,28.0,3.588226795196533
1606,28.0,4.832996368408203
1607,28.0,3.6359920501708984
1608,28.0,1.7260141372680664
1609,28.0,3.8111701011657715
1610,28.0,6.404301166534424
1611,28.0,6.675586223602295
1612,28.0,4.488343238830566
1613,28.0,7.162714958190918
1614,28.0,9.417058944702148
1615,28.0,4.053733825683594
1616,28.0,1.7300591468811035
1617,28.0,3.6883020401000977
1618,28.0,3.2975311279296875
1619,28.0,3.434792995452881
1620,28.0,1.9739623069763184
1621,28.0,1.132096290588379
1622,28.0,0.4759950637817383
1623,28.0,5.5728936195373535
1624,28.0,2.580888271331787
1625,28.0,2.3290796279907227
1626,28.0,4.482043743133545
1627,28.0,0.3251619338989258
1628,28.0,7.976861953735352
1629,28.0,2.8208866119384766
1630,28.0,1.8957982063293457
1631,28.0,0.1874842643737793
1632,28.0,0.8555169105529785
1633,28.0,2.158963203430176
1634,28.0,0.8494348526000977
1635,28.0,0.6465330123901367
1636,28.0,1.3768506050109863
1637,28.0,3.5995211601257324
1638,28.0,2.398019313812256
1639,28.0,1.6239852905273438
1640,28.0,23.09332275390625
1641,28.0,1.0064010620117188
1642,28.0,5.778207302093506
1643,28.0,3.7083029747009277
1644,28.0,2.6513381004333496
1645,28.0,6.020846843719482
1646,28.0,5.239178657531738
1647,28.0,2.0286664962768555
1648,28.0,0.3124356269836426
1649,28.0,5.741363048553467
1650,28.0,1.1268587112426758
1651,28.0,0.07779836654663086
1652,28.0,0.20661687850952148
1653,28.0,3.045804500579834
1654,28.0,1.8524870872497559
1655,28.0,6.14186954498291
1656,28.0,0.7472391128540039
1657,28.0,5.031970024108887
1658,28.0,5.580768585205078
1659,28.0,1.9271860122680664
1660,28.0,2.0500402450561523
1661,28.0,0.5957140922546387
1662,28.0,0.13768577575683594
1663,28.0,2.8184995651245117
1664,28.0,2.6565933227539062
1665,28.0,10.539690017700195
1666,28.0,3.544809579849243
1667,28.0,3.7125496864318848
1668,28.0,0.1253671646118164
1669,28.0,1.5338249206542969
1670,28.0,4.477458477020264
1671,28.0,7.405458450317383
1672,28.0,2.609623908996582
1673,28.0,2.275279998779297
1674,28.0,4.452483654022217
1675,28.0,4.339232921600342
1676,28.0,0.5128664970397949
1677,28.0,7.615415573120117
1678,28.0,4.138223171234131
1679,28.0,3.320171356201172
1680,28.0,7.649031639099121
1681,28.0,3.0765280723571777
1682,28.0,3.36289119720459
1683,28.0,1.8076014518737793
1684,28.0,7.113141059875488
1685,28.0,0.07267093658447266
1686,28.0,3.2043814659118652
1687,28.0,0.47090959548950195
1688,28.0,1.2222037315368652
1689,28.0,1.4316983222961426
1690,28.0,6.834268569946289
1691,28.0,0.6079072952270508
1692,28.0,3.6417059898376465
1693,28.0,3.862025260925293
1694,28.0,4.706185817718506
1695,28.0,2.209939479827881
1696,28.0,2.765432357788086
1697,28.0,4.464050769805908
1698,28.0,1.6019706726074219
1699,28.0,3.5156588554382324
1700,28.0,2.5197129249572754
1701,28.0,0.5325584411621094
1702,28.0,0.6659903526306152
1703,28.0,4.873088836669922
1704,28.0,1.0059804916381836
1705,28.0,0.5039405822753906
1706,28.0,0.7774295806884766
1707,28.0,4.380519866943359
1708,28.0,1.780552864074707
1709,28.0,6.755937099456787
1710,28.0,4.029544353485107
1711,28.0,2.4285049438476562
1712,28.0,2.0280842781066895
1713,28.0,3.80417537689209
1714,28.0,10.626228332519531
1715,28.0,0.7025279998779297
1716,28.0,6.818732738494873
1717,28.0,9.861279487609863
1718,28.0,2.8733835220336914
1719,28.0,5.051161766052246
1720,28.0,4.561465263366699
1721,28.0,3.615690231323242
1722,28.0,1.2179460525512695
1723,28.0,2.977433681488037
1724,28.0,8.536449432373047
1725,28.0,1.599863052368164
1726,28.0,2.052548885345459
1727,28.0,3.289165496826172
1728,28.0,4.215975761413574
1729,28.0,3.9712915420532227
1730,28.0,2.7016191482543945
1731,28.0,5.175586223602295
1732,28.0,2.0245590209960938
1733,28.0,0.27790021896362305
1734,28.0,1.5522708892822266
1735,28.0,4.700552463531494
1736,28.0,0.031249523162841797
1737,28.0,1.9877519607543945
1738,28.0,1.391507625579834
1739,28.0,3.8334083557128906
1740,28.0,3.1118597984313965
1741,28.0,0.8651876449584961
1742,28.0,0.01331472396850586
1743,28.0,3.847769260406494
1744,28.0,0.9243202209472656
1745,28.0,11.973407745361328
1746,28.0,6.542370319366455
1747,28.0,1.9455461502075195
1748,28.0,0.3033924102783203
1749,28.0,2.8266801834106445
1750,28.0,6.534323215484619
1751,28.0,3.0645575523376465
1752,28.0,3.6720023155212402
1753,28.0,6.328169822692871
1754,28.0,0.8798689842224121
1755,28.0,2.1479339599609375
1756,28.0,2.2284278869628906
1757,28.0,4.890875339508057
1758,28.0,2.908344030380249
1759,28.0,3.850799560546875
1760,28.0,5.5136332511901855
1761,28.0,1.5338740348815918
1762,28.0,5.3518805503845215
1763,28.0,0.7484331130981445
1764,28.0,2.1685681343078613
1765,28.0,5.556674003601074
1766,28.0,0.12267875671386719
1767,28.0,4.381404876708984
1768,28.0,0.11893367767333984
1769,28.0,3.2768073081970215
1770,28.0,1.6474266052246094
1771,28.0,15.122533798217773
1772,28.0,0.5411105155944824
1773,28.0,5.415829658508301
1774,28.0,0.7921619415283203
1775,28.0,1.9624505043029785
1776,28.0,0.4729299545288086
1777,28.0,0.49694347381591797
1778,28.0,0.5526313781738281
1779,28.0,0.5586032867431641
1780,28.0,1.0214052200317383
1781,28.0,1.2465438842773438
1782,28.0,0.5327033996582031
1783,28.0,2.2881264686584473
1784,28.0,1.1984858512878418
1785,28.0,2.5904197692871094
1786,28.0,6.318440914154053
1787,28.0,0.8765101432800293
1788,28.0,4.5844855308532715
1789,28.0,2.0050430297851562
1790,28.0,7.63051176071167
1791,28.0,0.22954940795898438
1792,28.0,1.6770658493041992
1793,28.0,6.168495178222656
1794,28.0,4.803670406341553
1795,28.0,3.7560460567474365
1796,28.0,1.7031240463256836
1797,28.0,0.6974859237670898
1798,28.0,1.8032522201538086
1799,28.0,4.00132417678833
1800,28.0,0.2933175563812256
1801,28.0,0.8951711654663086
1802,28.0,3.8300085067749023
1803,28.0,1.8350071907043457
1804,28.0,3.292581558227539
1805,28.0,0.6424202919006348
1806,28.0,4.5948944091796875
1807,28.0,6.482389450073242
1808,28.0,1.48250150680542
1809,28.0,9.938467979431152
1810,28.0,1.2778539657592773
1811,28.0,2.1038408279418945
1812,28.0,1.6559181213378906
1813,28.0,0.6026835441589355
1814,28.0,5.766361236572266
1815,28.0,0.11853599548339844
1816,28.0,21.383182525634766
1817,28.0,1.9930944442749023
1818,28.0,1.341914176940918
1819,28.0,1.1959309577941895
1820,28.0,1.4149107933044434
1821,28.0,2.636773109436035
1822,28.0,5.808404922485352
1823,28.0,1.7310361862182617
1824,28.0,4.419923782348633
1825,28.0,0.007092952728271484
1826,28.0,2.3292388916015625
1827,28.0,0.12678194046020508
1828,28.0,1.6139144897460938
1829,28.0,2.5189738273620605
1830,28.0,3.8135757446289062
1831,28.0,3.3176517486572266
1832,28.0,2.9951887130737305
1833,28.0,0.18319129943847656
1834,28.0,11.727895736694336
1835,28.0,2.8726396560668945
1836,28.0,4.859261989593506
1837,28.0,1.8726191520690918
1838,28.0,4.544262409210205
1839,28.0,0.7535080909729004
1840,28.0,4.9085612297058105
1841,28.0,0.20063018798828125
1842,28.0,0.5522780418395996
1843,28.0,7.144933700561523
1844,28.0,8.150032997131348
1845,28.0,1.2842397689819336
1846,28.0,2.28226375579834
1847,28.0,1.3853883743286133
1848,28.0,4.148529052734375
1849,28.0,0.5807681083679199
1850,28.0,3.991213798522949
1851,28.0,4.021975994110107
1852,28.0,1.1087980270385742
1853,28.0,2.352034091949463
1854,28.0,3.686337947845459
1855,28.0,9.143891334533691
1856,28.0,2.10443115234375
1857,28.0,0.26590919494628906
1858,28.0,2.373612403869629
1859,28.0,1.393402099609375
1860,28.0,3.984712600708008
1861,28.0,5.025386810302734
1862,28.0,4.983846664428711
1863,28.0,0.6879024505615234
1864,28.0,2.814361095428467
1865,28.0,0.9766950607299805
1866,28.0,0.42086029052734375
1867,28.0,1.5361642837524414
1868,28.0,6.623017311096191
1869,28.0,4.65521764755249
1870,28.0,0.47498512268066406
1871,28.0,1.6067514419555664
1872,28.0,5.53284215927124
1873,28.0,1.968897819519043
1874,28.0,2.508286952972412
1875,28.0,1.2897729873657227
1876,28.0,0.5059976577758789
1877,28.0,2.0754127502441406
1878,28.0,1.1003303527832031
1879,28.0,1.9996838569641113
1880,28.0,3.448282241821289
1881,28.0,9.282964706420898
1882,28.0,0.6092629432678223
1883,28.0,1.38631010055542
1884,28.0,8.618501663208008
1885,28.0,3.8292837142944336
1886,28.0,1.8490676879882812
1887,28.0,0.025770187377929688
1888,28.0,6.726207256317139
1889,28.0,5.1683573722839355
1890,28.0,0.3336048126220703
1891,28.0,7.751622676849365
1892,28.0,5.255747318267822
1893,28.0,4.0792622566223145
1894,28.0,1.3048229217529297
1895,28.0,4.448510646820068
1896,28.0,1.6237483024597168
1897,28.0,3.2133073806762695
1898,28.0,1.2205982208251953
1899,28.0,2.5757522583007812
1900,28.0,4.497428894042969
1901,28.0,5.087184429168701
1902,28.0,2.501157283782959
1903,28.0,2.5080366134643555
1904,28.0,7.861677169799805
1905,28.0,12.419921875
1906,28.0,2.8886260986328125
1907,28.0,6.258783340454102
1908,28.0,0.09486198425292969
1909,28.0,2.298387289047241
1910,28.0,6.086987018585205
1911,28.0,2.9770970344543457
1912,28.0,0.17733001708984375
1913,28.0,4.988178253173828
1914,28.0,10.11147403717041
1915,28.0,4.769334316253662
1916,28.0,1.5137267112731934
1917,28.0,2.7823996543884277
1918,28.0,5.573657989501953
1919,28.0,0.44106388092041016
1920,28.0,0.2788848876953125
1921,28.0,3.430790424346924
1922,28.0,1.2909049987792969
1923,28.0,3.054654121398926
1924,28.0,0.02525806427001953
1925,28.0,6.621950626373291
1926,28.0,7.386506080627441
1927,28.0,6.66366720199585
1928,28.0,1.865574836730957
1929,28.0,1.7030668258666992
1930,28.0,4.288553714752197
1931,28.0,1.1568360328674316
1932,28.0,3.707780361175537
1933,28.0,5.558793067932129
1934,28.0,1.1738433837890625
1935,28.0,5.489469051361084
1936,28.0,2.890571117401123
1937,28.0,7.28218412399292
1938,28.0,2.447482109069824
1939,28.0,3.1906938552856445
1940,28.0,1.0327496528625488
1941,28.0,5.944961071014404
1942,28.0,3.6357593536376953
1943,28.0,3.9423961639404297
1944,28.0,4.7430806159973145
1945,28.0,4.36666202545166
1946,28.0,2.5041518211364746
1947,28.0,3.144123077392578
1948,28.0,2.9073753356933594
1949,28.0,0.3942716121673584
1950,28.0,0.782616138458252
1951,28.0,9.879959106445312
1952,28.0,3.139012336730957
1953,28.0,4.974490165710449
1954,28.0,4.451213359832764
1955,28.0,0.3232712745666504
1956,28.0,3.566926956176758
1957,28.0,1.0102510452270508
1958,28.0,1.3762516975402832
1959,28.0,4.06437349319458
1960,28.0,10.673736572265625
1961,28.0,8.858945846557617
1962,28.0,0.3343939781188965
1963,28.0,4.467640399932861
1964,28.0,1.5421786308288574
1965,28.0,0.9818792343139648
1966,28.0,6.577765464782715
1967,28.0,2.0318498611450195
1968,28.0,0.019115447998046875
1969,28.0,0.4914121627807617
1970,28.0,1.4291181564331055
1971,28.0,1.1381235122680664
1972,28.0,1.8478765487670898
1973,28.0,5.504652500152588
1974,28.0,1.7990107536315918
1975,28.0,2.926098346710205
1976,28.0,6.051214694976807
1977,28.0,1.7974839210510254
1978,28.0,7.733206272125244
1979,28.0,1.5401458740234375
1980,28.0,0.7005138397216797
1981,28.0,6.299596786499023
1982,28.0,0.40778350830078125
1983,28.0,2.7736144065856934
1984,28.0,4.1041035652160645
1985,28.0,2.824608325958252
1986,28.0,3.903477191925049
1987,28.0,1.7068960666656494
1988,28.0,1.1608338356018066
1989,28.0,2.682623863220215
1990,28.0,5.051602840423584
1991,28.0,5.711082935333252
1992,28.0,4.849062919616699
1993,28.0,13.574684143066406
1994,28.0,2.8081960678100586
1995,28.0,2.9643020629882812
1996,28.0,6.452086448669434
1997,28.0,0.998145580291748
1998,28.0,3.2094545364379883
1999,28.0,1.7731189727783203
2000,19.0,0.6789965629577637
2001,19.0,0.7246036529541016
2002,19.0,9.24656867980957
2003,19.0,4.018437385559082
2004,19.0,3.1997873783111572
2005,19.0,8.925409317016602
2006,19.0,1.8006281852722168
2007,19.0,1.4942386150360107
2008,19.0,3.722830295562744
2009,19.0,2.477696418762207
2010,19.0,3.9995040893554688
2011,19.0,2.499297618865967
2012,19.0,2.257323741912842
2013,19.0,1.316124439239502
2014,19.0,7.316920280456543
2015,19.0,3.663896083831787
2016,19.0,1.9545891284942627
2017,19.0,0.6506969928741455
2018,19.0,1.4949889183044434
2019,19.0,4.51680850982666
2020,19.0,9.875368118286133
2021,19.0,9.366527557373047
2022,19.0,2.487370491027832
2023,19.0,0.6478524208068848
2024,19.0,3.7060747146606445
2025,19.0,5.632162094116211
2026,19.0,1.2431755065917969
2027,19.0,8.86644172668457
2028,19.0,1.4860339164733887
2029,19.0,4.677315711975098
2030,19.0,1.678673267364502
2031,19.0,0.770514965057373
2032,19.0,0.7510347366333008
2033,19.0,0.0045623779296875
2034,19.0,1.1507537364959717
2035,19.0,0.7231574058532715
2036,19.0,10.706265449523926
2037,19.0,1.0714519023895264
2038,19.0,3.51973819732666
2039,19.0,1.8293647766113281
2040,19.0,3.424988031387329
2041,19.0,5.607113361358643
2042,19.0,3.0380682945251465
2043,19.0,3.645418167114258
2044,19.0,0.31547069549560547
2045,19.0,0.3568737506866455
2046,19.0,6.214922904968262
2047,19.0,4.099703788757324
2048,19.0,1.5916271209716797
2049,19.0,0.07993173599243164
2050,19.0,3.6505045890808105
2051,19.0,1.9889626502990723
2052,19.0,0.8931574821472168
2053,19.0,5.26519250869751
2054,19.0,0.07021403312683105
2055,19.0,8.359658241271973
2056,19.0,12.754645347595215
2057,19.0,6.1003737449646
2058,19.0,5.203302383422852
2059,19.0,5.965315818786621
2060,19.0,2.8053460121154785
2061,19.0,1.0849113464355469
2062,19.0,1.5760884284973145
2063,19.0,1.1388499736785889
2064,19.0,0.18230080604553223
2065,19.0,2.4201364517211914
2066,19.0,4.737386703491211
2067,19.0,1.1202435493469238
2068,19.0,3.57852840423584
2069,19.0,0.5101571083068848
2070,19.0,0.7531349658966064
2071,19.0,0.6980395317077637
2072,19.0,0.01406407356262207
2073,19.0,2.9851739406585693
2074,19.0,0.9272732734680176
2075,19.0,1.1107771396636963
2076,19.0,0.03861427307128906
2077,19.0,4.177883148193359
2078,19.0,4.5748515129089355
2079,19.0,0.9255223274230957
2080,19.0,7.842900276184082
2081,19.0,2.0877766609191895
2082,19.0,2.7407827377319336
2083,19.0,0.2070457935333252
2084,19.0,1.124803900718689
2085,19.0,8.18883228302002
2086,19.0,9.314842224121094
2087,19.0,4.762751579284668
2088,19.0,1.8805513381958008
2089,19.0,1.6841206550598145
2090,19.0,1.7432329654693604
2091,19.0,6.544975280761719
2092,19.0,0.8573136329650879
2093,19.0,0.3682231903076172
2094,19.0,4.774376392364502
2095,19.0,2.2241740226745605
2096,19.0,7.610330581665039
2097,19.0,1.2165141105651855
2098,19.0,2.079676866531372
2099,19.0,2.8852171897888184
2100,19.0,3.0588531494140625
2101,19.0,2.9941906929016113
2102,19.0,1.101464033126831
2103,19.0,3.18973970413208
2104,19.0,6.88635778427124
2105,19.0,5.403387069702148
2106,19.0,1.2924203872680664
2107,19.0,1.7427825927734375
2108,19.0,0.5571846961975098
2109,19.0,1.9210247993469238
2110,19.0,0.42714643478393555
2111,19.0,3.8044090270996094
2112,19.0,12.944677352905273
2113,19.0,1.0761997699737549
2114,19.0,1.1316497325897217
2115,19.0,1.0897634029388428
2116,19.0,0.4451444149017334
2117,19.0,2.4773473739624023
2118,19.0,9.521215438842773
2119,19.0,0.23711323738098145
2120,19.0,2.379624605178833
2121,19.0,0.19610977172851562
2122,19.0,0.03949785232543945
2123,19.0,3.027609348297119
2124,19.0,0.10242533683776855
2125,19.0,2.0805461406707764
2126,19.0,1.2775483131408691
2127,19.0,0.19094395637512207
2128,19.0,1.0155682563781738
2129,19.0,1.5572776794433594
2130,19.0,1.2042458057403564
2131,19.0,3.1715245246887207
2132,19.0,0.4471158981323242
2133,19.0,0.480694055557251
2134,19.0,1.5647172927856445
2135,19.0,1.6841917037963867
2136,19.0,0.8614497184753418
2137,19.0,4.157761573791504
2138,19.0,5.1606364250183105
2139,19.0,0.6713461875915527
2140,19.0,7.960657119750977
2141,19.0,1.7479851245880127
2142,19.0,0.8418245315551758
2143,19.0,0.9956924915313721
2144,19.0,0.1448657512664795
2145,19.0,3.2284936904907227
2146,19.0,1.0578444004058838
2147,19.0,2.1494030952453613
2148,19.0,1.088064193725586
2149,19.0,2.24267578125
2150,19.0,2.52142333984375
2151,19.0,3.170382022857666
2152,19.0,3.6004862785339355
2153,19.0,1.1347060203552246
2154,19.0,0.43257761001586914
2155,19.0,10.355731010437012
2156,19.0,7.608942031860352
2157,19.0,5.564427375793457
2158,19.0,1.4610977172851562
2159,19.0,0.289947509765625
2160,19.0,3.8542959690093994
2161,19.0,5.220439910888672
2162,19.0,2.5564494132995605
2163,19.0,2.8399248123168945
2164,19.0,0.3291471004486084
2165,19.0,3.9628868103027344
2166,19.0,0.9573495388031006
2167,19.0,3.256791591644287
2168,19.0,4.507397174835205
2169,19.0,4.715836524963379
2170,19.0,0.6397702693939209
2171,19.0,0.2600274085998535
2172,19.0,5.520847797393799
2173,19.0,5.698723316192627
2174,19.0,0.583099365234375
2175,19.0,6.7812395095825195
2176,19.0,6.787607669830322
2177,19.0,0.420259952545166
2178,19.0,15.483358383178711
2179,19.0,1.0656685829162598
2180,19.0,1.231980800628662
2181,19.0,0.43938112258911133
2182,19.0,2.954751968383789
2183,19.0,0.4622955322265625
2184,19.0,1.308088779449463
2185,19.0,3.6088733673095703
2186,19.0,6.972471237182617
2187,19.0,1.0386271476745605
2188,19.0,6.477235794067383
2189,19.0,0.45348644256591797
2190,19.0,3.891437530517578
2191,19.0,1.6433544158935547
2192,19.0,2.449533224105835
2193,19.0,4.332904815673828
2194,19.0,2.8071999549865723
2195,19.0,0.09382486343383789
2196,19.0,0.8372325897216797
2197,19.0,6.601949691772461
2198,19.0,4.947432041168213
2199,19.0,1.2768006324768066
2200,19.0,0.5561952590942383
2201,19.0,6.610386848449707
2202,19.0,0.004991054534912109
2203,19.0,2.8095383644104004
2204,19.0,8.502838134765625
2205,19.0,2.7132253646850586
2206,19.0,2.6975622177124023
2207,19.0,1.5945014953613281
2208,19.0,1.1322462558746338
2209,19.0,0.6051807403564453
2210,19.0,1.485335350036621
2211,19.0,1.4114265441894531
2212,19.0,1.6612038612365723
2213,19.0,4.090938568115234
2214,19.0,3.6746926307678223
2215,19.0,0.07657408714294434
2216,19.0,2.6256470680236816
2217,19.0,1.9952210187911987
2218,19.0,1.0101566314697266
2219,19.0,1.0236139297485352
2220,19.0,1.7130603790283203
2221,19.0,3.0867578983306885
2222,19.0,0.06180572509765625
2223,19.0,2.6544764041900635
2224,19.0,2.6898412704467773
2225,19.0,5.584990978240967
2226,19.0,6.4302849769592285
2227,19.0,0.2126920223236084
2228,19.0,1.5461153984069824
2229,19.0,10.490325927734375
2230,19.0,1.1806964874267578
2231,19.0,6.189615249633789
2232,19.0,0.7820112705230713
2233,19.0,1.6895368099212646
2234,19.0,0.9211711883544922
2235,19.0,0.5248594284057617
2236,19.0,4.871980667114258
2237,19.0,0.31560254096984863
2238,19.0,5.2894134521484375
2239,19.0,2.928948163986206
2240,19.0,5.20757532119751
2241,19.0,4.0279951095581055
2242,19.0,0.009363412857055664
2243,19.0,1.0697336196899414
2244,19.0,1.5613164901733398
2245,19.0,2.106281280517578
2246,19.0,3.3560919761657715
2247,19.0,2.7452988624572754
2248,19.0,3.5378546714782715
2249,19.0,0.609290599822998
2250,19.0,0.6986308097839355
2251,19.0,0.5081131458282471
2252,19.0,1.3350615501403809
2253,19.0,2.6541738510131836
2254,19.0,0.9124369621276855
2255,19.0,1.2552335262298584
2256,19.0,10.697966575622559
2257,19.0,9.431415557861328
2258,19.0,12.009307861328125
2259,19.0,0.4906196594238281
2260,19.0,5.301323890686035
2261,19.0,1.3748111724853516
2262,19.0,0.8565335273742676
2263,19.0,8.401498794555664
2264,19.0,4.6893157958984375
2265,19.0,0.7828464508056641
2266,19.0,4.698111534118652
2267,19.0,3.316211700439453
2268,19.0,10.427231788635254
2269,19.0,2.1233417987823486
2270,19.0,1.4872632026672363
2271,19.0,2.671359062194824
2272,19.0,4.030411720275879
2273,19.0,0.7022743225097656
2274,19.0,1.5327658653259277
2275,19.0,5.295350074768066
2276,19.0,4.396884918212891
2277,19.0,1.1903810501098633
2278,19.0,2.642148494720459
2279,19.0,0.9852414131164551
2280,19.0,0.5444447994232178
2281,19.0,0.761540412902832
2282,19.0,5.24492883682251
2283,19.0,0.9503395557403564
2284,19.0,3.5554370880126953
2285,19.0,5.074007987976074
2286,19.0,0.8446600437164307
2287,19.0,0.8246359825134277
2288,19.0,4.759522438049316
2289,19.0,0.97104811668396
2290,19.0,1.6555604934692383
2291,19.0,0.44950294494628906
2292,19.0,0.7648024559020996
2293,19.0,1.1412196159362793
2294,19.0,1.216503620147705
2295,19.0,0.9227824211120605
2296,19.0,3.918583869934082
2297,19.0,0.5629377365112305
2298,19.0,2.6155848503112793
2299,19.0,0.0717306137084961
2300,19.0,0.19745731353759766
2301,19.0,3.0794529914855957
2302,19.0,1.0704460144042969
2303,19.0,0.15871286392211914
2304,19.0,2.035227060317993
2305,19.0,3.4682741165161133
2306,19.0,0.8478868007659912
2307,19.0,1.1808245182037354
2308,19.0,4.218316078186035
2309,19.0,2.2252464294433594
2310,19.0,0.7741022109985352
2311,19.0,3.0161449909210205
2312,19.0,0.9609017372131348
2313,19.0,3.991649627685547
2314,19.0,2.4734320640563965
2315,19.0,0.841033935546875
2316,19.0,6.728487014770508
2317,19.0,1.530132532119751
2318,19.0,2.477694034576416
2319,19.0,3.115097999572754
2320,19.0,0.4618344306945801
2321,19.0,4.093343734741211
2322,19.0,2.800143241882324
2323,19.0,0.12714529037475586
2324,19.0,1.7642035484313965
2325,19.0,2.715224027633667
2326,19.0,2.0737152099609375
2327,19.0,1.5998637676239014
2328,19.0,1.42368745803833
2329,19.0,8.950176239013672
2330,19.0,1.0597286224365234
2331,19.0,3.65671968460083
2332,19.0,1.9542012214660645
2333,19.0,8.590250015258789
2334,19.0,0.8389215469360352
2335,19.0,7.029791831970215
2336,19.0,4.171398162841797
2337,19.0,2.403458595275879
2338,19.0,3.6178460121154785
2339,19.0,1.2823009490966797
2340,19.0,0.3402090072631836
2341,19.0,2.8724310398101807
2342,19.0,1.521578311920166
2343,19.0,0.34456849098205566
2344,19.0,0.1484832763671875
2345,19.0,1.3748648166656494
2346,19.0,1.1157426834106445
2347,19.0,0.11681652069091797
2348,19.0,1.5218477249145508
2349,19.0,1.1374049186706543
2350,19.0,2.970048189163208
2351,19.0,14.233489990234375
2352,19.0,5.168386459350586
2353,19.0,2.130516529083252
2354,19.0,2.5221962928771973
2355,19.0,0.7167115211486816
2356,19.0,1.1292572021484375
2357,19.0,1.8217973709106445
2358,19.0,10.470280647277832
2359,19.0,9.331449508666992
2360,19.0,1.561988353729248
2361,19.0,2.2436234951019287
2362,19.0,5.993501663208008
2363,19.0,4.9658942222595215
2364,19.0,1.6485099792480469
2365,19.0,2.64211368560791
2366,19.0,9.483867645263672
2367,19.0,2.876589775085449
2368,19.0,0.7547838687896729
2369,19.0,1.873277187347412
2370,19.0,1.9725208282470703
2371,19.0,0.23824620246887207
2372,19.0,1.5843839645385742
2373,19.0,0.012356758117675781
2374,19.0,1.8197121620178223
2375,19.0,3.7219295501708984
2376,19.0,2.447279453277588
2377,19.0,2.9898979663848877
2378,19.0,0.6995978355407715
2379,19.0,1.6378731727600098
2380,19.0,3.3233859539031982
2381,19.0,4.8462605476379395
2382,19.0,3.8203086853027344
2383,19.0,3.3543710708618164
2384,19.0,0.036762237548828125
2385,19.0,0.7487868070602417
2386,19.0,4.758948802947998
2387,19.0,4.665888786315918
2388,19.0,1.9700517654418945
2389,19.0,10.199817657470703
2390,19.0,4.979692459106445
2391,19.0,3.78440523147583
2392,19.0,10.873695373535156
2393,19.0,0.31258440017700195
2394,19.0,2.027892589569092
2395,19.0,1.206108808517456
2396,19.0,2.6710751056671143
2397,19.0,6.516088962554932
2398,19.0,13.774069786071777
2399,19.0,4.861595630645752
2400,19.0,2.093162775039673
2401,19.0,2.0135059356689453
2402,19.0,0.6461730003356934
2403,19.0,9.123077392578125
2404,19.0,5.76845645904541
2405,19.0,0.02254033088684082
2406,19.0,0.33498358726501465
2407,19.0,4.559974670410156
2408,19.0,8.653347969055176
2409,19.0,4.132210731506348
2410,19.0,3.941061019897461
2411,19.0,6.361494064331055
2412,19.0,5.800134658813477
2413,19.0,5.307398319244385
2414,19.0,5.266345024108887
2415,19.0,0.8392119407653809
2416,19.0,1.0869898796081543
2417,19.0,0.1946427822113037
2418,19.0,1.9410014152526855
2419,19.0,13.114786148071289
2420,19.0,2.216245651245117
2421,19.0,11.941606521606445
2422,19.0,4.681336879730225
2423,19.0,1.4151897430419922
2424,19.0,1.1789851188659668
2425,19.0,4.675573348999023
2426,19.0,1.73661208152771
2427,19.0,0.3827629089355469
2428,19.0,10.531179428100586
2429,19.0,2.329639196395874
2430,19.0,1.4867937564849854
2431,19.0,1.8716340065002441
2432,19.0,8.848923683166504
2433,19.0,2.516633987426758
2434,19.0,1.6353192329406738
2435,19.0,5.681050777435303
2436,19.0,0.9936635494232178
2437,19.0,5.906293869018555
2438,19.0,3.5540852546691895
2439,19.0,3.999608039855957
2440,19.0,4.065114974975586
2441,19.0,1.9672856330871582
2442,19.0,1.2365469932556152
2443,19.0,0.8740861415863037
2444,19.0,10.963768005371094
2445,19.0,5.110360622406006
2446,19.0,6.021620273590088
2447,19.0,1.6047565937042236
2448,19.0,2.8391263484954834
2449,19.0,4.257625579833984
2450,19.0,6.339156150817871
2451,19.0,0.796527624130249
2452,19.0,1.5477018356323242
2453,19.0,0.9774904251098633
2454,19.0,2.426955223083496
2455,19.0,5.184113502502441
2456,19.0,5.6821088790893555
2457,19.0,3.2253119945526123
2458,19.0,0.7174830436706543
2459,19.0,1.2811918258666992
2460,19.0,0.027779102325439453
2461,19.0,6.082724094390869
2462,19.0,2.604249954223633
2463,19.0,2.408766746520996
2464,19.0,11.871237754821777
2465,19.0,0.20423412322998047
2466,19.0,8.73257827758789
2467,19.0,1.9621834754943848
2468,19.0,0.6500301361083984
2469,19.0,0.898921012878418
2470,19.0,0.7563991546630859
2471,19.0,0.47667860984802246
2472,19.0,0.8833513259887695
2473,19.0,0.7494602203369141
2474,19.0,2.7060928344726562
2475,19.0,2.0855624675750732
2476,19.0,6.715811729431152
2477,19.0,1.8386974334716797
2478,19.0,1.5796732902526855
2479,19.0,2.9295480251312256
2480,19.0,2.9056549072265625
2481,19.0,7.164299011230469
2482,19.0,2.0317282676696777
2483,19.0,0.2723219394683838
2484,19.0,0.6815621852874756
2485,19.0,1.6322250366210938
2486,19.0,0.40566110610961914
2487,19.0,1.2788279056549072
2488,19.0,1.647308349609375
2489,19.0,8.293790817260742
2490,19.0,3.54075288772583
2491,19.0,2.5910868644714355
2492,19.0,5.950187683105469
2493,19.0,1.2782115936279297
2494,19.0,12.856433868408203
2495,19.0,4.844219207763672
2496,19.0,9.33630084991455
2497,19.0,3.8758912086486816
2498,19.0,0.1769399642944336
2499,19.0,0.45592212677001953
2500,19.0,4.968865394592285
2501,19.0,1.7187204360961914
2502,19.0,0.6690707206726074
2503,19.0,23.25804328918457
2504,19.0,6.863243579864502
2505,19.0,0.6808681488037109
2506,19.0,0.8012642860412598
2507,19.0,1.0651655197143555
2508,19.0,0.22984957695007324
2509,19.0,1.1249666213989258
2510,19.0,9.881661415100098
2511,19.0,3.259126663208008
2512,19.0,1.2390217781066895
2513,19.0,6.01630973815918
2514,19.0,7.872440338134766
2515,19.0,2.572932481765747
2516,19.0,5.033073902130127
2517,19.0,0.5621786117553711
2518,19.0,0.7579441070556641
2519,19.0,3.6348748207092285
2520,19.0,9.121858596801758
2521,19.0,4.230381011962891
2522,19.0,15.833327293395996
2523,19.0,7.181641578674316
2524,19.0,1.5394220352172852
2525,19.0,1.2150053977966309
2526,19.0,0.6086142063140869
2527,19.0,0.11695981025695801
2528,19.0,1.3295824527740479
2529,19.0,2.0134048461914062
2530,19.0,1.1268839836120605
2531,19.0,11.706531524658203
2532,19.0,5.761379718780518
2533,19.0,0.1936044692993164
2534,19.0,0.14539146423339844
2535,19.0,0.01832723617553711
2536,19.0,3.281782627105713
2537,19.0,4.322752952575684
2538,19.0,5.797263145446777
2539,19.0,1.6809840202331543
2540,19.0,6.2042999267578125
2541,19.0,2.0396881103515625
2542,19.0,0.8185112476348877
2543,19.0,1.646125316619873
2544,19.0,1.1274230480194092
2545,19.0,7.342201232910156
2546,19.0,1.4099633693695068
2547,19.0,3.0460004806518555
2548,19.0,13.05990982055664
2549,19.0,0.12801170349121094
2550,19.0,2.9908175468444824
2551,19.0,0.7104133367538452
2552,19.0,6.501345634460449
2553,19.0,7.923450469970703
2554,19.0,2.905916690826416
2555,19.0,2.6727724075317383
2556,19.0,11.030357360839844
2557,19.0,2.5040698051452637
2558,19.0,6.601422309875488
2559,19.0,5.042409420013428
2560,19.0,0.0034132003784179688
2561,19.0,0.05279111862182617
2562,19.0,5.247041702270508
2563,19.0,18.089824676513672
2564,19.0,3.371668815612793
2565,19.0,1.2677276134490967
2566,19.0,5.488602638244629
2567,19.0,4.301176071166992
2568,19.0,0.2820141315460205
2569,19.0,5.784969806671143
2570,19.0,0.3343358039855957
2571,19.0,0.17606306076049805
2572,19.0,3.3862946033477783
2573,19.0,3.1384074687957764
2574,19.0,5.363322734832764
2575,19.0,1.030055046081543
2576,19.0,2.8658156394958496
2577,19.0,2.233353614807129
2578,19.0,0.5993008613586426
2579,19.0,0.2377946376800537
2580,19.0,0.9692752361297607
2581,19.0,4.264837741851807
2582,19.0,0.1192007064819336
2583,19.0,3.9041123390197754
2584,19.0,7.904343128204346
2585,19.0,0.01202392578125
2586,19.0,2.1753287315368652
2587,19.0,3.876793384552002
2588,19.0,4.232976913452148
2589,19.0,13.00503158569336
2590,19.0,0.2415008544921875
2591,19.0,1.8281373977661133
2592,19.0,3.8922619819641113
2593,19.0,4.436944007873535
2594,19.0,0.41220903396606445
2595,19.0,3.0061981678009033
2596,19.0,8.523326873779297
2597,19.0,3.201200485229492
2598,19.0,4.34731388092041
2599,19.0,6.049571990966797
2600,19.0,0.10467100143432617
2601,19.0,1.1154625415802002
2602,19.0,1.8142850399017334
2603,19.0,0.9021227359771729
2604,19.0,2.5374503135681152
2605,19.0,2.77933931350708
2606,19.0,0.04362940788269043
2607,19.0,5.634024620056152
2608,19.0,2.31343412399292
2609,19.0,4.994792938232422
2610,19.0,0.5721163749694824
2611,19.0,6.597050666809082
2612,19.0,1.4014055728912354
2613,19.0,2.776632785797119
2614,19.0,10.81208610534668
2615,19.0,2.2444698810577393
2616,19.0,8.889205932617188
2617,19.0,1.8419198989868164
2618,19.0,5.990016937255859
2619,19.0,6.539050579071045
2620,19.0,2.9039993286132812
2621,19.0,10.169174194335938
2622,19.0,2.777340888977051
2623,19.0,4.876912593841553
2624,19.0,3.6813530921936035
2625,19.0,0.7281198501586914
2626,19.0,4.563748836517334
2627,19.0,6.053929328918457
2628,19.0,11.169641494750977
2629,19.0,2.067634344100952
2630,19.0,0.9300971031188965
2631,19.0,2.3435144424438477
2632,19.0,2.4504971504211426
2633,19.0,1.6479105949401855
2634,19.0,8.412285804748535
2635,19.0,19.131542205810547
2636,19.0,0.7042217254638672
2637,19.0,6.334897994995117
2638,19.0,3.699522018432617
2639,19.0,2.535308837890625
2640,19.0,1.6825613975524902
2641,19.0,2.1476120948791504
2642,19.0,1.2848715782165527
2643,19.0,0.5069921016693115
2644,19.0,1.5051069259643555
2645,19.0,0.7119770050048828
2646,19.0,0.12288951873779297
2647,19.0,0.9624547958374023
2648,19.0,5.624443531036377
2649,19.0,2.4074606895446777
2650,19.0,2.0886709690093994
2651,19.0,4.128007888793945
2652,19.0,4.189000606536865
2653,19.0,0.6959805488586426
2654,19.0,1.3589084148406982
2655,19.0,1.466454029083252
2656,19.0,0.31809234619140625
2657,19.0,0.5618057250976562
2658,19.0,3.2431678771972656
2659,19.0,11.640369415283203
2660,19.0,1.3541393280029297
2661,19.0,0.7708921432495117
2662,19.0,0.5817666053771973
2663,19.0,0.17887043952941895
2664,19.0,0.09792304039001465
2665,19.0,3.545897960662842
2666,19.0,11.949039459228516
2667,19.0,1.324336051940918
2668,19.0,2.817674398422241
2669,19.0,2.2488393783569336
2670,19.0,1.2968196868896484
2671,19.0,3.2667486667633057
2672,19.0,2.1472220420837402
2673,19.0,0.2149028778076172
2674,19.0,5.650608539581299
2675,19.0,1.6827881336212158
2676,19.0,4.740270137786865
2677,19.0,0.11825275421142578
2678,19.0,5.297090530395508
2679,19.0,3.0936851501464844
2680,19.0,1.3944978713989258
2681,19.0,0.6017072200775146
2682,19.0,5.334934234619141
2683,19.0,4.196519374847412
2684,19.0,1.032113790512085
2685,19.0,0.0663142204284668
2686,19.0,8.1326322555542
2687,19.0,0.19248747825622559
2688,19.0,0.49257946014404297
2689,19.0,1.6747183799743652
2690,19.0,2.5284833908081055
2691,19.0,6.032278060913086
2692,19.0,1.6157612800598145
2693,19.0,5.44123649597168
2694,19.0,2.1973772048950195
2695,19.0,3.452817916870117
2696,19.0,3.5018486976623535
2697,19.0,0.48279714584350586
2698,19.0,5.103404521942139
2699,19.0,4.96346378326416
2700,19.0,6.297524929046631
2701,19.0,1.7617127895355225
2702,19.0,5.358409404754639
2703,19.0,0.01386260986328125
2704,19.0,3.3483967781066895
2705,19.0,3.1778812408447266
2706,19.0,3.583646059036255
2707,19.0,0.7060596942901611
2708,19.0,3.8282108306884766
2709,19.0,1.124265193939209
2710,19.0,2.8562817573547363
2711,19.0,0.778080940246582
2712,19.0,3.2846672534942627
2713,19.0,2.0336830615997314
2714,19.0,8.065729141235352
2715,19.0,1.8732619285583496
2716,19.0,4.776601314544678
2717,19.0,1.1635372638702393
2718,19.0,2.1278743743896484
2719,19.0,0.39346814155578613
2720,19.0,9.53329849243164
2721,19.0,0.3758270740509033
2722,19.0,3.649519920349121
2723,19.0,5.424526214599609
2724,19.0,1.5469465255737305
2725,19.0,1.327986717224121
2726,19.0,6.98427677154541
2727,19.0,4.492917537689209
2728,19.0,7.316704273223877
2729,19.0,1.273613452911377
2730,19.0,2.9476370811462402
2731,19.0,2.309770107269287
2732,19.0,1.1342239379882812
2733,19.0,1.60194730758667
2734,19.0,3.4794862270355225
2735,19.0,0.837404727935791
2736,19.0,3.19181489944458
2737,19.0,0.022731781005859375
2738,19.0,0.413621187210083
2739,19.0,0.549433708190918
2740,19.0,1.16117525100708
2741,19.0,0.7136659622192383
2742,19.0,3.144507884979248
2743,19.0,7.795483589172363
2744,19.0,0.03647041320800781
2745,19.0,1.7071466445922852
2746,19.0,9.674576759338379
2747,19.0,0.682205080986023
2748,19.0,5.799538612365723
2749,19.0,0.30306148529052734
2750,19.0,5.994516849517822
2751,19.0,8.219463348388672
2752,19.0,0.604633092880249
2753,19.0,6.99906587600708
2754,19.0,14.240314483642578
2755,19.0,14.707724571228027
2756,19.0,0.9232437610626221
2757,19.0,0.2769966125488281
2758,19.0,0.2425551414489746
2759,19.0,3.1924564838409424
2760,19.0,0.08583784103393555
2761,19.0,0.8004851341247559
2762,19.0,0.6971950531005859
2763,19.0,4.293473243713379
2764,19.0,0.9135928153991699
2765,19.0,9.439193725585938
2766,19.0,2.065952777862549
2767,19.0,10.577254295349121
2768,19.0,2.406675338745117
2769,19.0,2.026489496231079
2770,19.0,0.22458291053771973
2771,19.0,3.568394184112549
2772,19.0,2.1360065937042236
2773,19.0,0.3297266960144043
2774,19.0,0.04925179481506348
2775,19.0,7.909550189971924
2776,19.0,4.469505786895752
2777,19.0,0.21734070777893066
2778,19.0,2.147528648376465
2779,19.0,0.4839329719543457
2780,19.0,1.6234486103057861
2781,19.0,3.6730456352233887
2782,19.0,0.37517428398132324
2783,19.0,3.3817739486694336
2784,19.0,8.221352577209473
2785,19.0,0.9081168174743652
2786,19.0,3.166201591491699
2787,19.0,0.355792760848999
2788,19.0,4.559103012084961
2789,19.0,1.2027473449707031
2790,19.0,3.99269437789917
2791,19.0,4.662880897521973
2792,19.0,1.3819851875305176
2793,19.0,3.0466175079345703
2794,19.0,2.3843607902526855
2795,19.0,9.689818382263184
2796,19.0,3.5877716541290283
2797,19.0,2.136056423187256
2798,19.0,0.05952572822570801
2799,19.0,1.723090648651123
2800,19.0,0.15939807891845703
2801,19.0,1.268568992614746
2802,19.0,1.9251365661621094
2803,19.0,0.32863283157348633
2804,19.0,4.497091770172119
2805,19.0,2.770010471343994
2806,19.0,0.918562650680542
2807,19.0,2.703875780105591
2808,19.0,2.2197203636169434
2809,19.0,4.825319290161133
2810,19.0,0.5881531238555908
2811,19.0,5.139250755310059
2812,19.0,5.967902660369873
2813,19.0,5.909472942352295
2814,19.0,5.7384843826293945
2815,19.0,5.207370758056641
2816,19.0,1.0545620918273926
2817,19.0,4.371540069580078
2818,19.0,1.5692267417907715
2819,19.0,1.4770517349243164
2820,19.0,0.5797574520111084
2821,19.0,0.3300628662109375
2822,19.0,1.3311238288879395
2823,19.0,3.0997979640960693
2824,19.0,2.6965785026550293
2825,19.0,1.2302584648132324
2826,19.0,0.9739923477172852
2827,19.0,3.123983383178711
2828,19.0,2.3531713485717773
2829,19.0,0.5138535499572754
2830,19.0,2.8935458660125732
2831,19.0,2.248011589050293
2832,19.0,9.136930465698242
2833,19.0,1.0082941055297852
2834,19.0,1.1657330989837646
2835,19.0,9.635961532592773
2836,19.0,5.6796650886535645
2837,19.0,4.391745567321777
2838,19.0,3.289275884628296
2839,19.0,3.2269177436828613
2840,19.0,1.834801197052002
2841,19.0,3.6224799156188965
2842,19.0,1.353503704071045
2843,19.0,1.7369508743286133
2844,19.0,7.181060791015625
2845,19.0,5.34842586517334
2846,19.0,7.521257400512695
2847,19.0,2.2024083137512207
2848,19.0,0.18333768844604492
2849,19.0,1.2588911056518555
2850,19.0,3.1237781047821045
2851,19.0,2.4232265949249268
2852,19.0,1.6778788566589355
2853,19.0,1.5358002185821533
2854,19.0,1.6414330005645752
2855,19.0,0.5536644458770752
2856,19.0,0.6851999759674072
2857,19.0,1.0506901741027832
2858,19.0,6.413455486297607
2859,19.0,0.2793447971343994
2860,19.0,2.6925315856933594
2861,19.0,1.6610350608825684
2862,19.0,8.787940979003906
2863,19.0,6.7678070068359375
2864,19.0,6.405301570892334
2865,19.0,5.627323150634766
2866,19.0,1.3086333274841309
2867,19.0,3.899510145187378
2868,19.0,1.3833751678466797
2869,19.0,3.1750288009643555
2870,19.0,3.0060248374938965
2871,19.0,0.05855846405029297
2872,19.0,0.03863525390625
2873,19.0,0.12335777282714844
2874,19.0,4.699371337890625
2875,19.0,1.6749601364135742
2876,19.0,5.8360443115234375
2877,19.0,0.6914775371551514
2878,19.0,6.987123966217041
2879,19.0,0.0033867359161376953
2880,19.0,0.6029810905456543
2881,19.0,7.172680854797363
2882,19.0,2.0971717834472656
2883,19.0,1.3669862747192383
2884,19.0,1.0877647399902344
2885,19.0,2.073340892791748
2886,19.0,1.141458511352539
2887,19.0,0.8683013916015625
2888,19.0,1.7958111763000488
2889,19.0,1.513066053390503
2890,19.0,0.5115652084350586
2891,19.0,0.7438724040985107
2892,19.0,3.3013148307800293
2893,19.0,0.5344295501708984
2894,19.0,5.9256744384765625
2895,19.0,0.8371908664703369
2896,19.0,0.24749469757080078
2897,19.0,3.4988231658935547
2898,19.0,12.48878288269043
2899,19.0,4.898179054260254
2900,19.0,0.693671703338623
2901,19.0,6.224582195281982
2902,19.0,5.9400739669799805
2903,19.0,1.0612821578979492
2904,19.0,1.1147379875183105
2905,19.0,0.5223240852355957
2906,19.0,1.4951047897338867
2907,19.0,3.876305103302002
2908,19.0,0.7756528854370117
2909,19.0,1.6527750492095947
2910,19.0,0.12260580062866211
2911,19.0,2.379122018814087
2912,19.0,4.9888482093811035
2913,19.0,1.1193971633911133
2914,19.0,11.107366561889648
2915,19.0,1.2035505771636963
2916,19.0,3.1609644889831543
2917,19.0,2.0595040321350098
2918,19.0,1.3256354331970215
2919,19.0,3.212411880493164
2920,19.0,10.12642765045166
2921,19.0,1.5419683456420898
2922,19.0,8.673837661743164
2923,19.0,18.063671112060547
2924,19.0,4.101086139678955
2925,19.0,6.458682537078857
2926,19.0,8.509239196777344
2927,19.0,13.716521263122559
2928,19.0,1.1118106842041016
2929,19.0,2.482635021209717
2930,19.0,10.605109214782715
2931,19.0,1.5571002960205078
2932,19.0,1.3110051155090332
2933,19.0,2.671341896057129
2934,19.0,6.845100402832031
2935,19.0,3.3222365379333496
2936,19.0,0.9253926277160645
2937,19.0,0.4592006206512451
2938,19.0,20.154190063476562
2939,19.0,0.6071486473083496
2940,19.0,6.139420032501221
2941,19.0,0.6676437854766846
2942,19.0,0.6785507202148438
2943,19.0,4.817129611968994
2944,19.0,1.642967700958252
2945,19.0,2.9523046016693115
2946,19.0,2.8920459747314453
2947,19.0,1.938033103942871
2948,19.0,1.6511962413787842
2949,19.0,7.880680084228516
2950,19.0,2.3550033569335938
2951,19.0,0.968512773513794
2952,19.0,0.07350850105285645
2953,19.0,3.4026739597320557
2954,19.0,2.220992088317871
2955,19.0,1.49997878074646
2956,19.0,1.9325780868530273
2957,19.0,8.096505165100098
2958,19.0,1.1483268737792969
2959,19.0,1.066983938217163
2960,19.0,0.44631147384643555
2961,19.0,0.9772739410400391
2962,19.0,0.3955378532409668
2963,19.0,11.83243465423584
2964,19.0,13.393338203430176
2965,19.0,0.9563593864440918
2966,19.0,1.6119842529296875
2967,19.0,1.3497352600097656
2968,19.0,0.9514594078063965
2969,19.0,8.544652938842773
2970,19.0,0.9104013442993164
2971,19.0,19.545703887939453
2972,19.0,0.13542866706848145
2973,19.0,1.752619981765747
2974,19.0,2.813380241394043
2975,19.0,0.30008983612060547
2976,19.0,0.4518470764160156
2977,19.0,3.5882651805877686
2978,19.0,0.7966513633728027
2979,19.0,0.26425838470458984
2980,19.0,1.7307837009429932
2981,19.0,2.9656105041503906
2982,19.0,1.315990686416626
2983,19.0,2.703713893890381
2984,19.0,7.40164041519165
2985,19.0,1.9186396598815918
2986,19.0,2.9184794425964355
2987,19.0,1.7661843299865723
2988,19.0,13.715221405029297
2989,19.0,4.546159744262695
2990,19.0,2.554544448852539
2991,19.0,8.851709365844727
2992,19.0,1.2676496505737305
2993,19.0,0.9404094219207764
2994,19.0,6.865123748779297
2995,19.0,2.7492876052856445
2996,19.0,0.3734469413757324
2997,19.0,0.38311243057250977
2998,19.0,9.890379905700684
2999,19.0,9.560417175292969
